state,district,DLI,IGS,total_demo_updates,total_bio_updates,total_enrolments,cluster,cluster_label
Andaman and Nicobar Islands,Andamans,0.254312015503876,-0.15988372093023256,174.0,1283.0,36.0,2,Struggling
Andaman and Nicobar Islands,Nicobar,0.22165197439922715,-0.49625374625374624,64.0,1248.0,58.0,2,Struggling
Andaman and Nicobar Islands,North And Middle Andaman,0.31647503572549046,-0.8433515482695811,673.0,4775.0,60.0,2,Struggling
Andaman and Nicobar Islands,South Andaman,0.38030710071639273,-0.49889380530973454,767.0,7415.0,108.0,2,Struggling
Andhra Pradesh,Adilabad,0.21667874274061372,-1.3683072927611761,7102.0,32162.0,881.0,2,Struggling
Andhra Pradesh,Alluri Sitharama Raju,0.14164125667535848,-0.14374292678680245,4140.0,12200.0,617.0,1,Critical
Andhra Pradesh,Anakapalli,0.05761584610133386,0.11914323962516735,3379.0,4340.0,217.0,1,Critical
Andhra Pradesh,Anantapur,0.11856687104753622,-0.23008720172970717,17678.0,58057.0,2088.0,1,Critical
Andhra Pradesh,Ananthapur,0.16752901588269753,-0.07450946244049692,8470.0,63663.0,917.0,2,Struggling
Andhra Pradesh,Ananthapuramu,0.17429249932116192,-0.11779735998852169,14699.0,85740.0,1437.0,2,Struggling
Andhra Pradesh,Annamayya,0.04820319793185514,0.107335776330076,10304.0,6342.0,423.0,1,Critical
Andhra Pradesh,Bapatla,0.04463901303816976,0.13713080168776373,3382.0,3356.0,216.0,1,Critical
Andhra Pradesh,Chittoor,0.15595338800135822,-0.6491456638027036,51637.0,170180.0,3826.0,4,Critical
Andhra Pradesh,Cuddapah,0.15810391592397866,-0.5120376571372762,24631.0,116007.0,2695.0,4,Critical
Andhra Pradesh,Dr. B. R. Ambedkar Konaseema,0.05153956879114183,0.13641147066561432,4207.0,4054.0,316.0,1,Critical
Andhra Pradesh,East Godavari,0.16314758630361823,-0.6324554341695022,41667.0,204839.0,3756.0,4,Critical
Andhra Pradesh,Eluru,0.0702846935997087,0.08928133431444689,4879.0,5669.0,281.0,1,Critical
Andhra Pradesh,Guntur,0.1258335609391872,-0.6071968689719979,54080.0,203139.0,4109.0,4,Critical
Andhra Pradesh,Hyderabad,0.3186186611218025,-0.9827284069390425,8825.0,71300.0,2351.0,2,Struggling
Andhra Pradesh,K.V.Rangareddy,0.05994729907773386,0.08300395256916997,126.0,222.0,39.0,1,Critical
Andhra Pradesh,Kakinada,0.043109157945879634,0.12224108658743633,7827.0,7340.0,442.0,1,Critical
Andhra Pradesh,Karim Nagar,0.07247311827956988,-0.01129032258064516,270.0,800.0,36.0,1,Critical
Andhra Pradesh,Karimnagar,0.24035335814714973,-0.34414070777707145,2410.0,10280.0,388.0,2,Struggling
Andhra Pradesh,Khammam,0.1721088326284456,-0.3847126999673523,8237.0,26410.0,666.0,2,Struggling
Andhra Pradesh,Krishna,0.1758266938123538,-0.8717964383089879,29832.0,163667.0,3183.0,4,Critical
Andhra Pradesh,Kurnool,0.20233613579884854,-0.9897920376754576,57127.0,250147.0,5354.0,0,Struggling
Andhra Pradesh,Mahabub Nagar,0.21970924138518447,-0.471812369071069,3182.0,5114.0,951.0,2,Struggling
Andhra Pradesh,Mahbubnagar,0.1840977852856464,-0.20171033478893738,2988.0,8256.0,430.0,2,Struggling
Andhra Pradesh,Medak,0.22905784099574242,-0.3936524199843872,3544.0,13047.0,805.0,2,Struggling
Andhra Pradesh,N. T. R,0.06272997281175542,0.02494692144373673,10957.0,9707.0,422.0,1,Critical
Andhra Pradesh,Nalgonda,0.183499157136644,-0.30522210918955583,7414.0,17556.0,698.0,2,Struggling
Andhra Pradesh,Nandyal,0.07614607824601406,0.11812662619254119,7795.0,6781.0,391.0,1,Critical
Andhra Pradesh,Nellore,0.14602849829643239,-0.5330785513856964,17678.0,110641.0,2573.0,4,Critical
Andhra Pradesh,Nizamabad,0.19874892788413423,-0.1268270944741533,1439.0,6225.0,303.0,2,Struggling
Andhra Pradesh,Palnadu,0.044508707127202646,0.11634426689094478,7597.0,7083.0,401.0,1,Critical
Andhra Pradesh,Parvathipuram Manyam,0.10308706323215384,0.0691786283891547,3122.0,7788.0,266.0,1,Critical
Andhra Pradesh,Prakasam,0.11698163559158196,-0.4849883380614777,30485.0,150861.0,4071.0,4,Critical
Andhra Pradesh,Rangareddi,0.24063886928064654,-0.5766530251965977,6351.0,36470.0,976.0,2,Struggling
Andhra Pradesh,Sri Potti Sriramulu Nellore,0.04628269345917637,0.17033152263108758,6839.0,6440.0,791.0,1,Critical
Andhra Pradesh,Sri Sathya Sai,0.049834029542284095,0.10443801254220937,6544.0,6890.0,400.0,1,Critical
Andhra Pradesh,Srikakulam,0.13284773781072912,-0.8626749657341433,41017.0,138814.0,2113.0,4,Critical
Andhra Pradesh,Tirupati,0.04024640043157351,0.14785760205721632,14073.0,6937.0,753.0,1,Critical
Andhra Pradesh,Visakhapatnam,0.21190548891240735,-1.382701849334106,49040.0,227943.0,3866.0,4,Critical
Andhra Pradesh,Vizianagaram,0.15845501952816557,-0.7802082281675922,19055.0,110222.0,1933.0,4,Critical
Andhra Pradesh,Warangal,0.2387793585481635,-0.5655353797377143,8671.0,33833.0,602.0,2,Struggling
Andhra Pradesh,West Godavari,0.16034808337131382,-0.6606095539481616,37461.0,152995.0,2840.0,4,Critical
Andhra Pradesh,Y. S. R,0.045573327352284955,0.08436944937833037,7740.0,5614.0,349.0,1,Critical
Arunachal Pradesh,Anjaw,0.07416011276305393,-0.3979166666666667,287.0,769.0,23.0,1,Critical
Arunachal Pradesh,Changlang,0.11013684919999561,-0.594105254883465,1575.0,5110.0,591.0,1,Critical
Arunachal Pradesh,East Kameng,0.10168341548026559,-3.847602397602398,680.0,2922.0,112.0,1,Critical
Arunachal Pradesh,East Siang,0.06771747880248782,-0.8323024054982818,651.0,1667.0,83.0,1,Critical
Arunachal Pradesh,Kamle,0.04421052631578947,0.1442857142857143,115.0,114.0,21.0,1,Critical
Arunachal Pradesh,Kra Daadi,0.22367680251578706,-0.5968992248062016,204.0,1017.0,50.0,2,Struggling
Arunachal Pradesh,Kurung Kumey,0.32570921985815604,-2.2375886524822697,167.0,2690.0,37.0,2,Struggling
Arunachal Pradesh,Lohit,0.14246209257955816,-0.42864197530864195,538.0,2460.0,71.0,1,Critical
Arunachal Pradesh,Longding,0.26971389384615546,-0.2568403732692104,338.0,1929.0,815.0,2,Struggling
Arunachal Pradesh,Lower Dibang Valley,0.08308624329497195,-0.8349673202614378,261.0,1267.0,62.0,1,Critical
Arunachal Pradesh,Lower Siang,0.08626984126984127,0.041666666666666664,74.0,99.0,16.0,1,Critical
Arunachal Pradesh,Lower Subansiri,0.1281863354037267,-1.1544444444444444,354.0,1947.0,63.0,1,Critical
Arunachal Pradesh,Namsai,0.15719742063492065,-0.6311507936507936,390.0,3998.0,92.0,1,Critical
Arunachal Pradesh,Papum Pare,0.18020255325864695,-0.9702594810379241,1181.0,6882.0,258.0,2,Struggling
Arunachal Pradesh,Siang,0.09600271002710027,-0.028963414634146343,134.0,839.0,84.0,1,Critical
Arunachal Pradesh,Tawang,0.09339372748463658,0.06965761511216055,275.0,1177.0,92.0,1,Critical
Arunachal Pradesh,Tirap,0.17552100205161428,-0.036281179138321996,236.0,963.0,43.0,1,Critical
Arunachal Pradesh,Upper Siang,0.0623796574491295,-0.2234848484848485,452.0,846.0,31.0,1,Critical
Arunachal Pradesh,Upper Subansiri,0.2390235837347615,-1.9020671834625325,574.0,3010.0,79.0,2,Struggling
Arunachal Pradesh,West Kameng,0.17490130023301187,-0.2889246059869731,522.0,4175.0,200.0,1,Critical
Arunachal Pradesh,West Siang,0.15409405482312258,-1.2360197368421053,1150.0,2660.0,116.0,1,Critical
Assam,Bajali,0.00819672131147541,0.11475409836065574,187.0,9.0,14.0,1,Critical
Assam,Baksa,0.10899693775706447,-0.0620308871748446,4793.0,10582.0,2517.0,1,Critical
Assam,Barpeta,0.14273621434858796,-0.6332087823111789,17421.0,55705.0,11029.0,2,Struggling
Assam,Biswanath,0.10737932405904767,-0.20840730182746278,2900.0,5998.0,751.0,1,Critical
Assam,Bongaigaon,0.09005585189667946,-0.43014852742325316,13364.0,21041.0,2186.0,1,Critical
Assam,Cachar,0.12983157675991813,-0.41343290044748904,16182.0,41948.0,14013.0,1,Critical
Assam,Charaideo,0.18893753298747143,-1.1200652218681064,3239.0,5761.0,791.0,2,Struggling
Assam,Chirang,0.09273707247008164,-0.2197990011452879,2868.0,14502.0,2616.0,1,Critical
Assam,Darrang,0.08443496115507355,-0.02623658343261008,6634.0,16179.0,4703.0,1,Critical
Assam,Dhemaji,0.11443294858081582,-0.5372733499462745,6462.0,12369.0,5397.0,1,Critical
Assam,Dhubri,0.0646835183262506,-0.1024552833428991,23624.0,37969.0,9107.0,1,Critical
Assam,Dibrugarh,0.11125691167013073,-0.41624911633849593,7398.0,20834.0,5603.0,1,Critical
Assam,Dima Hasao,0.012195121951219513,0.1951219512195122,77.0,3.0,236.0,1,Critical
Assam,Goalpara,0.058242423041206304,0.00020659974850985646,11076.0,13863.0,7742.0,1,Critical
Assam,Golaghat,0.07102714246412602,-0.10838389102913608,8535.0,10901.0,9755.0,1,Critical
Assam,Hailakandi,0.09394366666966013,0.0071420429485619845,6523.0,12796.0,3922.0,1,Critical
Assam,Hojai,0.14591721958668727,-0.48881502003509686,6414.0,16850.0,5706.0,1,Critical
Assam,Jorhat,0.13225050866159838,-0.0913736896550115,5260.0,8972.0,3307.0,1,Critical
Assam,Kamrup,0.10517018263789016,-0.21261962703033402,11452.0,28895.0,10671.0,1,Critical
Assam,Kamrup Metro,0.14343335857105988,-0.19954353338244127,6667.0,19130.0,3689.0,1,Critical
Assam,Karbi Anglong,0.12370470571292784,-0.35812514299934917,7570.0,18401.0,6211.0,1,Critical
Assam,Karimganj,0.11018078027681207,0.14047262637104416,11354.0,15944.0,10797.0,1,Critical
Assam,Kokrajhar,0.10760009527214648,-0.16084053761836742,5709.0,19001.0,3449.0,1,Critical
Assam,Lakhimpur,0.10019201872915867,-0.2607083789585095,10067.0,16414.0,5345.0,1,Critical
Assam,Majuli,0.06563741662102317,-0.12433862433862433,531.0,2422.0,433.0,1,Critical
Assam,Marigaon,0.07778626779753715,-0.24397376626470726,12696.0,21630.0,8241.0,1,Critical
Assam,Nagaon,0.1203224438569676,-0.7908856783721848,24404.0,62746.0,8879.0,4,Critical
Assam,Nalbari,0.1645550957910118,-0.2520553533376861,6603.0,10448.0,2308.0,1,Critical
Assam,North Cachar Hills,0.19043436836305325,-0.5057603958128103,1041.0,2362.0,787.0,2,Struggling
Assam,Sibsagar,0.09677085589795992,-0.06060437350575123,3830.0,6900.0,1765.0,1,Critical
Assam,Sonitpur,0.07512628207682967,0.05213652472007099,12341.0,17943.0,5296.0,1,Critical
Assam,South Salmara Mankachar,0.02847914036809753,0.0789447727251763,4151.0,2580.0,971.0,1,Critical
Assam,Sribhumi,0.02199851162115313,0.10062893081761007,1255.0,70.0,65.0,1,Critical
Assam,Tamulpur District,0.010416666666666666,0.11538461538461539,417.0,21.0,24.0,1,Critical
Assam,Tinsukia,0.05774146995144007,0.04267133930779495,9333.0,12492.0,6111.0,1,Critical
Assam,Udalguri,0.10778658429852912,-0.14598518656417891,5765.0,13420.0,3100.0,1,Critical
Assam,West Karbi Anglong,0.16824805829129633,-0.6176865600769234,421.0,1701.0,1671.0,1,Critical
Bihar,Araria,0.09108342501025403,-0.7294716528473507,46410.0,116521.0,9740.0,4,Critical
Bihar,Arwal,0.06381846589464363,-0.42692914281314054,8425.0,22073.0,2461.0,1,Critical
Bihar,Aurangabad,0.060297329614320154,-0.4261057776460199,29889.0,69000.0,5063.0,4,Critical
Bihar,Aurangabad(bh),0.04116161616161616,0.25,189.0,43.0,50.0,1,Critical
Bihar,Banka,0.07112407381948366,-0.23191214243369426,34380.0,72446.0,6088.0,4,Critical
Bihar,Begusarai,0.07446898816816877,-0.6065775488471843,41487.0,109351.0,6909.0,4,Critical
Bihar,Bhagalpur,0.06179248837717623,-0.6048219741259264,43083.0,108230.0,14731.0,4,Critical
Bihar,Bhojpur,0.036361380474084284,-0.44523952206383216,43980.0,70715.0,6681.0,4,Critical
Bihar,Buxar,0.06238630374558314,-0.28300819435220365,19698.0,41241.0,3916.0,1,Critical
Bihar,Darbhanga,0.08356587742486378,-0.7158378229216131,40056.0,151075.0,8577.0,4,Critical
Bihar,East Champaran,0.06004239340510456,-0.5950819855251999,76226.0,153110.0,19148.0,4,Critical
Bihar,Gaya,0.05359168517205139,-0.3182861864430288,61491.0,141372.0,18456.0,4,Critical
Bihar,Gopalganj,0.05779685735340945,-0.5022381041728009,29451.0,75426.0,10539.0,4,Critical
Bihar,Jamui,0.05991096162518888,-0.45559626892828137,20137.0,55388.0,6957.0,1,Critical
Bihar,Jehanabad,0.041872774361790925,-0.255578545642291,12905.0,26305.0,2812.0,1,Critical
Bihar,Kaimur (Bhabua),0.051142670920642855,-0.7981527759885495,18610.0,58201.0,5718.0,1,Critical
Bihar,Katihar,0.0818272237072143,-0.9727681392703982,57681.0,158391.0,9686.0,4,Critical
Bihar,Khagaria,0.047075054519986906,-0.3035872505318135,22869.0,58201.0,4391.0,1,Critical
Bihar,Kishanganj,0.06560590407097101,-1.7639706593190478,55044.0,94323.0,5342.0,4,Critical
Bihar,Lakhisarai,0.059538911013792245,-0.7166909717629275,13029.0,35175.0,3977.0,1,Critical
Bihar,Madhepura,0.07195363341587216,-0.7720284957221973,26347.0,85177.0,4706.0,4,Critical
Bihar,Madhubani,0.061365646800834145,-0.6888544389751251,44403.0,171768.0,16619.0,4,Critical
Bihar,Monghyr,0.07193732193732193,0.21153846153846154,62.0,34.0,21.0,1,Critical
Bihar,Munger,0.06381179392798084,-0.5333587569693192,14950.0,36566.0,3979.0,1,Critical
Bihar,Muzaffarpur,0.0559235325997991,-0.6050404929528291,54719.0,153235.0,20729.0,4,Critical
Bihar,Nalanda,0.02843235001369448,-0.3507279591741311,44716.0,85949.0,9375.0,4,Critical
Bihar,Nawada,0.04130869324693442,-0.11034387458619477,24439.0,65211.0,10643.0,4,Critical
Bihar,Pashchim Champaran,0.03275162337662338,0.26136363636363635,263.0,99.0,16317.0,1,Critical
Bihar,Patna,0.049514467733048344,-0.45467799394488334,66893.0,156773.0,16486.0,4,Critical
Bihar,Purba Champaran,0.017345399698340872,0.2420814479638009,234.0,40.0,68.0,1,Critical
Bihar,Purnea,0.13687746721877156,-0.4466666666666667,626.0,3582.0,146.0,1,Critical
Bihar,Purnia,0.10129261298817101,-1.1336858445958464,39789.0,175094.0,13683.0,4,Critical
Bihar,Rohtas,0.05889820030118544,-1.0031481296859937,35029.0,79195.0,3826.0,4,Critical
Bihar,Saharsa,0.09142843608981634,-1.0347168065965646,24076.0,86317.0,8356.0,4,Critical
Bihar,Samastipur,0.045867620912240004,-0.5271243237994139,51118.0,148330.0,9789.0,4,Critical
Bihar,Samstipur,0.05714285714285714,0.16785714285714284,91.0,53.0,32.0,1,Critical
Bihar,Saran,0.04915109975951017,-0.18482164276809848,43956.0,103789.0,14352.0,4,Critical
Bihar,Sheikhpura,0.08466923624317718,-1.000226597771787,9243.0,28331.0,1853.0,1,Critical
Bihar,Sheohar,0.06490213113110702,-0.6583995033452941,7190.0,23431.0,1452.0,1,Critical
Bihar,Sitamarhi,0.06374826325894635,-0.7683100161740282,47303.0,131741.0,34404.0,4,Critical
Bihar,Siwan,0.07067259415397623,-0.33738908344765023,33865.0,87169.0,8635.0,4,Critical
Bihar,Supaul,0.056183024891304556,-0.8633378855470412,27324.0,80304.0,4969.0,4,Critical
Bihar,Vaishali,0.04772721395413722,-0.40612276132146524,35181.0,123424.0,10175.0,4,Critical
Bihar,West Champaran,0.03374645852206069,-0.19202145035546123,64492.0,117675.0,21171.0,4,Critical
Chandigarh,Chandigarh,0.1465971185093402,-1.0915487440002525,28681.0,62836.0,1220.0,4,Critical
Chhattisgarh,Balod,0.24555699352130753,-3.762729725471661,15328.0,51900.0,687.0,2,Struggling
Chhattisgarh,Baloda Bazar,0.09062845556294477,-1.8399010672932856,40817.0,85493.0,2365.0,4,Critical
Chhattisgarh,Balrampur,0.06435315252649468,-1.3542986720778771,16973.0,31026.0,4150.0,1,Critical
Chhattisgarh,Bastar,0.15974232595761592,-2.818741117958616,22203.0,59067.0,2161.0,2,Struggling
Chhattisgarh,Bemetara,0.15743341550163864,-3.6671361217657514,17143.0,70246.0,1042.0,2,Struggling
Chhattisgarh,Bijapur,0.23822224949173212,-1.2205173328496954,2983.0,18402.0,4639.0,2,Struggling
Chhattisgarh,Bilaspur,0.1149501987870569,-1.6500236197996208,40655.0,116094.0,5039.0,4,Critical
Chhattisgarh,Dakshin Bastar Dantewada,0.3932653775533833,-3.8972132904608787,1234.0,18668.0,235.0,2,Struggling
Chhattisgarh,Dantewada,0.63258305014053,-4.748730964467005,365.0,13546.0,112.0,3,Thriving
Chhattisgarh,Dhamtari,0.1730387275531739,-2.461241927941729,19426.0,55881.0,799.0,2,Struggling
Chhattisgarh,Durg,0.23977298040064374,-3.527248355565127,28566.0,104475.0,2249.0,4,Critical
Chhattisgarh,Gariyaband,0.12317586713657365,-1.601187744957461,6474.0,29264.0,682.0,1,Critical
Chhattisgarh,Gaurela-pendra-marwahi,0.06134471769179212,0.05112044817927171,1013.0,1722.0,70.0,1,Critical
Chhattisgarh,Janjgir - Champa,0.1171875,0.109375,70.0,36.0,16.0,1,Critical
Chhattisgarh,Janjgir Champa,0.0390625,0.140625,61.0,32.0,11.0,1,Critical
Chhattisgarh,Janjgir-champa,0.2043268471347104,-2.879521613373339,29183.0,112289.0,2171.0,4,Critical
Chhattisgarh,Jashpur,0.12328076515449916,-1.8184319360083552,19422.0,41980.0,933.0,1,Critical
Chhattisgarh,Kabeerdham,0.12983561427998766,-2.2648198707857796,6661.0,16763.0,427.0,1,Critical
Chhattisgarh,Kanker,0.21802611688483978,-1.532278177972158,9042.0,29955.0,779.0,2,Struggling
Chhattisgarh,Kawardha,0.06392866139814435,-1.4114018302070581,11973.0,34550.0,930.0,1,Critical
Chhattisgarh,Khairagarh Chhuikhadan Gandai,0.03797387203821627,0.0727069351230425,2754.0,899.0,87.0,1,Critical
Chhattisgarh,Kondagaon,0.13173680637246193,-1.6127351431883208,6503.0,34604.0,1331.0,1,Critical
Chhattisgarh,Korba,0.20333926519322124,-2.197635082651029,26728.0,70713.0,1799.0,2,Struggling
Chhattisgarh,Koriya,0.18956127127579048,-1.7152115289458196,11565.0,38131.0,812.0,2,Struggling
Chhattisgarh,Mahasamund,0.11935413698427698,-1.453587592702111,47321.0,66676.0,1615.0,4,Critical
Chhattisgarh,Manendragarh–Chirmiri–Bharatpur,0.048209487556778195,0.10139573070607553,1105.0,127.0,136.0,1,Critical
Chhattisgarh,Mohla-Manpur-Ambagarh Chouki,0.012641104669261848,-0.27748015873015874,6021.0,3968.0,104.0,1,Critical
Chhattisgarh,Mungeli,0.15987405787841275,-2.3686077384758444,28817.0,46409.0,1326.0,2,Struggling
Chhattisgarh,Narayanpur,0.1799076459503152,-2.4161765527429226,5784.0,15089.0,336.0,2,Struggling
Chhattisgarh,Raigarh,0.3734532127743264,-7.283743842631116,21722.0,110200.0,3407.0,3,Thriving
Chhattisgarh,Raipur,0.217471489980349,-1.7367099432616895,37172.0,121056.0,3265.0,4,Critical
Chhattisgarh,Rajnandgaon,0.16331762500870456,-4.630447914597752,48953.0,98599.0,1630.0,4,Critical
Chhattisgarh,Sakti,0.04714988084735677,0.048489932885906036,1909.0,3238.0,227.0,1,Critical
Chhattisgarh,Sarangarh-Bilaigarh,0.031784674225440526,0.007075471698113208,1676.0,191.0,47.0,1,Critical
Chhattisgarh,Sukma,0.1588601712471858,-3.6244741457798417,3745.0,17656.0,1432.0,1,Critical
Chhattisgarh,Surajpur,0.10941040132037667,-2.648774687401297,11179.0,43012.0,1341.0,1,Critical
Chhattisgarh,Surguja,0.13439053646468788,-1.371965547715875,41015.0,47459.0,1754.0,4,Critical
Chhattisgarh,Uttar Bastar Kanker,0.21955251475430723,-1.1460350678733031,2432.0,18118.0,357.0,2,Struggling
Dadra and Nagar Haveli,Dadra and Nagar Haveli,0.31434975604848847,-4.41369696466281,1000.0,21454.0,437.0,2,Struggling
Dadra and Nagar Haveli and Daman and Diu,Dadra and Nagar Haveli,0.024067777001910855,-0.3384879725085911,452.0,1722.0,47.0,1,Critical
Dadra and Nagar Haveli and Daman and Diu,Daman,0.02294053985230456,0.1323529411764706,194.0,456.0,27.0,1,Critical
Dadra and Nagar Haveli and Daman and Diu,Diu,0.022321428571428572,0.14285714285714285,192.0,10.0,10.0,1,Critical
Daman & Diu,Daman,0.18421052631578946,-0.07017543859649122,56.0,1044.0,4.0,1,Critical
Daman & Diu,Diu,0.2850877192982456,-0.008771929824561403,54.0,475.0,8.0,2,Struggling
Daman and Diu,Daman,0.21792442467182951,-1.638655462184874,440.0,2934.0,25.0,2,Struggling
Daman and Diu,Diu,0.25451951294647923,0.05243445692883895,96.0,1903.0,22.0,2,Struggling
Delhi,Central Delhi,0.1848443454936423,-2.0962780849784863,14902.0,42174.0,2797.0,2,Struggling
Delhi,East Delhi,0.21964274908364026,-1.742498721056333,68967.0,97398.0,7894.0,4,Critical
Delhi,Najafgarh,0.24572649572649574,-0.19230769230769232,51.0,665.0,17.0,2,Struggling
Delhi,New Delhi,0.18815546972871938,-0.9769141737891738,656.0,3463.0,1530.0,2,Struggling
Delhi,North Delhi,0.1726254367044906,-2.6543352525272748,18647.0,46884.0,2687.0,2,Struggling
Delhi,North East,0.20711710273851128,-1.6637593724705,1622.0,38407.0,827.0,2,Struggling
Delhi,North East Delhi,0.3041647121829893,-1.9601131890860461,64926.0,108734.0,8939.0,4,Critical
Delhi,North West Delhi,0.2367523341631532,-2.6813705409896804,137970.0,256317.0,9223.0,0,Struggling
Delhi,Shahdara,0.05647763919466248,-0.6390134524520165,11816.0,6605.0,1479.0,1,Critical
Delhi,South Delhi,0.17448986411565773,-1.5961756176589936,59452.0,179661.0,7627.0,4,Critical
Delhi,South East Delhi,0.07794412377745712,0.1875,264.0,478.0,22.0,1,Critical
Delhi,South West Delhi,0.1937359514714671,-1.4667544877196297,59205.0,112983.0,5632.0,4,Critical
Delhi,West Delhi,0.1605685360463529,-2.1548297366872657,103834.0,140374.0,15493.0,0,Struggling
Goa,North Goa,0.14999896341960117,-0.28569408278710606,5127.0,24692.0,714.0,1,Critical
Goa,South Goa,0.14125634841257476,-0.33998784194528875,3523.0,21731.0,498.0,1,Critical
Gujarat,Ahmadabad,0.19226820751055446,-0.26008629820925955,1778.0,9786.0,6147.0,2,Struggling
Gujarat,Ahmedabad,0.16981455756676433,-1.531343958121252,81070.0,313622.0,10147.0,0,Struggling
Gujarat,Amreli,0.2022843523416126,-0.9651203685029933,7587.0,52939.0,2464.0,2,Struggling
Gujarat,Anand,0.2568919445957296,-0.9875382584344714,11849.0,90004.0,4114.0,2,Struggling
Gujarat,Arvalli,0.2968851608383532,-0.9299753233844378,2256.0,22849.0,1540.0,2,Struggling
Gujarat,Banas Kantha,0.0480225988700565,0.3533832331737978,133.0,205.0,13407.0,1,Critical
Gujarat,Banaskantha,0.18814984254078848,-1.1191483842032612,25123.0,111502.0,12096.0,4,Critical
Gujarat,Bharuch,0.16774239932940713,-0.8634349479990141,15742.0,57175.0,2343.0,2,Struggling
Gujarat,Bhavnagar,0.2093962919599713,-1.2047638654288912,14766.0,111961.0,6648.0,2,Struggling
Gujarat,Botad,0.20008626518333847,-0.3231431967984773,1362.0,12856.0,2317.0,2,Struggling
Gujarat,Chhotaudepur,0.3272867271949378,-1.467195597726257,3465.0,27846.0,3226.0,2,Struggling
Gujarat,Dahod,0.3004361664248336,-1.8651945286896199,10119.0,91843.0,7286.0,2,Struggling
Gujarat,Devbhumi Dwarka,0.21140559531808387,-0.8053763128733935,2191.0,19210.0,1833.0,2,Struggling
Gujarat,Dohad,0.2201795476199873,-0.3347882881359835,1359.0,11935.0,12117.0,2,Struggling
Gujarat,Gandhinagar,0.14510135939577867,-0.8733157592012618,16328.0,62184.0,3450.0,2,Struggling
Gujarat,Gir Somnath,0.24701423574792244,-0.6843178892691768,3327.0,26579.0,4447.0,2,Struggling
Gujarat,Jamnagar,0.13076396247743716,-0.6550882939498166,16407.0,62703.0,3972.0,2,Struggling
Gujarat,Junagadh,0.200156016757666,-0.8869244028677963,7900.0,77052.0,2806.0,2,Struggling
Gujarat,Kachchh,0.16020123624689359,-0.7001646549224463,11680.0,96958.0,5676.0,2,Struggling
Gujarat,Kheda,0.1875479768216348,-1.2732667262899184,18084.0,92521.0,4257.0,2,Struggling
Gujarat,Mahesana,0.2024068402169991,-1.042520383659108,12444.0,78008.0,3881.0,2,Struggling
Gujarat,Mahisagar,0.34782971910205135,-1.1441764666157688,1969.0,23485.0,1706.0,2,Struggling
Gujarat,Morbi,0.16568830981333738,-0.5518539070109142,5228.0,25644.0,6896.0,2,Struggling
Gujarat,Narmada,0.3334202918756704,-1.6980729852693415,4148.0,31983.0,629.0,2,Struggling
Gujarat,Navsari,0.1668527353937737,-0.7215944061312637,8202.0,33580.0,1589.0,2,Struggling
Gujarat,Panch Mahals,0.07569444444444445,0.2375,75.0,67.0,1360.0,1,Critical
Gujarat,Panchmahals,0.29380011522909333,-1.8423503262624077,7483.0,74964.0,3840.0,2,Struggling
Gujarat,Patan,0.18429253925343492,-1.168147315090554,7637.0,57124.0,7128.0,2,Struggling
Gujarat,Porbandar,0.16449609688756908,-0.941023065643037,3635.0,25660.0,1851.0,2,Struggling
Gujarat,Rajkot,0.15465336381645184,-0.8973763192857582,49220.0,132140.0,12345.0,4,Critical
Gujarat,Sabar Kantha,0.12456140350877191,0.09078947368421053,135.0,147.0,2347.0,1,Critical
Gujarat,Sabarkantha,0.20676214500464782,-1.147150669650287,13055.0,70515.0,3110.0,2,Struggling
Gujarat,Surat,0.13583739327117533,-0.8202638256652466,135853.0,207465.0,17151.0,0,Struggling
Gujarat,Surendra Nagar,0.2180641419441743,-0.7885776276171952,11408.0,77670.0,4273.0,2,Struggling
Gujarat,Surendranagar,0.10308056872037914,0.10347551342812006,198.0,149.0,1370.0,1,Critical
Gujarat,Tapi,0.2697871323467765,-0.8253584036052694,2543.0,29931.0,1334.0,2,Struggling
Gujarat,The Dangs,0.35442241884371534,-2.4757281733645784,2114.0,23546.0,940.0,2,Struggling
Gujarat,Vadodara,0.17947415483345427,-1.383130612501548,26767.0,151763.0,6947.0,4,Critical
Gujarat,Valsad,0.2686743166675256,-1.218033206720768,17063.0,64425.0,4452.0,2,Struggling
Haryana,Ambala,0.2754557501666203,-1.0791584691237792,10331.0,53806.0,1346.0,2,Struggling
Haryana,Bhiwani,0.38926629238223187,-1.506717610623171,11757.0,69602.0,1410.0,3,Thriving
Haryana,Charkhi Dadri,0.10898702965712387,-0.12477324263038549,3920.0,7067.0,339.0,1,Critical
Haryana,Faridabad,0.17883769067508676,-1.0001627674938978,50821.0,81466.0,12119.0,4,Critical
Haryana,Fatehabad,0.38401481384072267,-2.4879073544197,15491.0,48713.0,950.0,2,Struggling
Haryana,Gurgaon,0.13308003776085375,-0.6390641809282477,38230.0,48342.0,3754.0,4,Critical
Haryana,Hisar,0.2869693078651826,-1.554745507669581,14531.0,80867.0,2494.0,2,Struggling
Haryana,Jhajjar,0.38214345482821455,-1.2919469345453343,12153.0,39951.0,1171.0,2,Struggling
Haryana,Jind,0.43640775408511684,-2.1584819882058395,14806.0,63730.0,1752.0,3,Thriving
Haryana,Kaithal,0.5029651384283298,-3.9667153262840396,5901.0,60006.0,1530.0,3,Thriving
Haryana,Karnal,0.5539355716085925,-3.0490373329125195,17370.0,66653.0,1848.0,3,Thriving
Haryana,Kurukshetra,0.4944078540540779,-3.31208527497547,8799.0,50672.0,1042.0,3,Thriving
Haryana,Mahendragarh,0.3378950517479114,-1.94934944487186,9300.0,32142.0,1142.0,2,Struggling
Haryana,Mewat,0.2908475465122975,-4.268871288740344,23631.0,42218.0,3652.0,2,Struggling
Haryana,Palwal,0.18679899261410973,-2.0438772104176404,16979.0,38108.0,1832.0,2,Struggling
Haryana,Panchkula,0.1602516058292124,-0.6664374140302614,9971.0,27395.0,489.0,2,Struggling
Haryana,Panipat,0.32762643553025544,-1.298870296294746,14619.0,56230.0,3988.0,2,Struggling
Haryana,Rewari,0.25299617874700336,-1.453520247772438,13461.0,34743.0,988.0,2,Struggling
Haryana,Rohtak,0.5016914553969536,-1.95477929838459,9885.0,55850.0,1769.0,3,Thriving
Haryana,Sirsa,0.39034573427034763,-2.512916012428338,15409.0,66877.0,1279.0,3,Thriving
Haryana,Sonipat,0.33530820414655504,-1.631268402533404,16023.0,61305.0,2169.0,2,Struggling
Haryana,Yamuna Nagar,0.44322970603253015,-2.333768030934266,17476.0,61312.0,1344.0,3,Thriving
Haryana,Yamunanagar,0.19864341085271317,-0.03488372093023256,107.0,480.0,26.0,2,Struggling
Himachal Pradesh,Bilaspur,0.23321554789382476,-0.320830551846907,2038.0,14212.0,405.0,2,Struggling
Himachal Pradesh,Chamba,0.12191435120548012,-0.48262604280014504,5726.0,21219.0,622.0,1,Critical
Himachal Pradesh,Hamirpur,0.27412544082784485,-0.10987160852713179,2002.0,15020.0,429.0,2,Struggling
Himachal Pradesh,Kangra,0.2032211104321638,-0.4541394567985545,8207.0,55876.0,1766.0,2,Struggling
Himachal Pradesh,Kinnaur,0.12324973876698013,0.023510971786833857,299.0,2796.0,67.0,1,Critical
Himachal Pradesh,Kullu,0.08501103150831889,0.012855633058549988,2167.0,13074.0,473.0,1,Critical
Himachal Pradesh,Lahul & Spiti,0.17894736842105263,0.02631578947368421,64.0,167.0,17.0,1,Critical
Himachal Pradesh,Mandi,0.228091708744738,-0.40671977414514726,4514.0,41189.0,1039.0,2,Struggling
Himachal Pradesh,Shimla,0.1699943096613027,-0.10532388933226922,4546.0,24518.0,695.0,2,Struggling
Himachal Pradesh,Sirmaur,0.1631120507181931,-0.7678726287262873,6855.0,23459.0,709.0,2,Struggling
Himachal Pradesh,Solan,0.2519166337987931,-0.5888139898397812,2329.0,21761.0,493.0,2,Struggling
Himachal Pradesh,Una,0.2264831195113159,-0.44903067129629626,3034.0,20186.0,533.0,2,Struggling
Jammu and Kashmir,Anantnag,0.17863439061794956,-0.5766820991239596,13133.0,28170.0,1418.0,2,Struggling
Jammu and Kashmir,Badgam,0.12557703589622116,-0.09043509042860254,4076.0,9730.0,765.0,1,Critical
Jammu and Kashmir,Bandipore,0.18420333097087996,-0.5378898533462848,6313.0,13909.0,723.0,2,Struggling
Jammu and Kashmir,Baramula,0.2892544894375942,-1.507525297515628,10998.0,41055.0,1498.0,2,Struggling
Jammu and Kashmir,Budgam,0.337139977488914,-1.4298271363339856,7026.0,15090.0,361.0,2,Struggling
Jammu and Kashmir,Doda,0.17391816472093263,-0.10466820987654321,2617.0,21693.0,1370.0,2,Struggling
Jammu and Kashmir,Ganderbal,0.19175008710724722,-0.6097290055623389,3826.0,8460.0,374.0,2,Struggling
Jammu and Kashmir,Jammu,0.2375435053983153,-0.953527629342997,11117.0,62345.0,2195.0,2,Struggling
Jammu and Kashmir,Kargil,0.19335778702514508,-0.17599742599742602,680.0,1679.0,205.0,2,Struggling
Jammu and Kashmir,Kathua,0.21890077466797955,-0.7121167645140247,5347.0,26220.0,855.0,2,Struggling
Jammu and Kashmir,Kishtwar,0.34192382353366485,-1.2857822732822735,1790.0,15315.0,418.0,2,Struggling
Jammu and Kashmir,Kulgam,0.308149902230872,-0.9327999596507723,3902.0,18245.0,477.0,2,Struggling
Jammu and Kashmir,Kupwara,0.23580631899962307,-1.016589575788458,13028.0,34721.0,1290.0,2,Struggling
Jammu and Kashmir,Leh,0.21360429693763028,-0.12257495590828925,285.0,1458.0,90.0,2,Struggling
Jammu and Kashmir,Pulwama,0.1607966661748469,-0.2535510016363408,9609.0,14908.0,799.0,1,Critical
Jammu and Kashmir,Punch,0.22324961499684076,-1.8926765643365973,4820.0,27454.0,1018.0,2,Struggling
Jammu and Kashmir,Rajouri,0.3315696056628936,-1.2068776080710173,5078.0,32763.0,940.0,2,Struggling
Jammu and Kashmir,Ramban,0.3177983221982225,-1.0929079013273229,2719.0,13970.0,615.0,2,Struggling
Jammu and Kashmir,Reasi,0.22301472982422446,-0.8107958864296892,2190.0,16621.0,578.0,2,Struggling
Jammu and Kashmir,Samba,0.23104293062937697,-0.5036490683229814,1761.0,6661.0,257.0,2,Struggling
Jammu and Kashmir,Shupiyan,0.35221025132914535,-2.709535103785104,2071.0,10729.0,272.0,2,Struggling
Jammu and Kashmir,Srinagar,0.21737649708426837,-0.8738479952124477,9688.0,39294.0,1581.0,2,Struggling
Jammu and Kashmir,Udhampur,0.25008997172900893,-0.5967596942065028,5148.0,31652.0,863.0,2,Struggling
Jharkhand,Bokaro,0.1974999762565589,-0.9076162924381058,24019.0,81357.0,2726.0,4,Critical
Jharkhand,Chatra,0.15587634954257631,-1.3973952800516387,12234.0,50558.0,3433.0,2,Struggling
Jharkhand,Deoghar,0.08323130389491579,-0.4084693902351749,14461.0,49766.0,4013.0,1,Critical
Jharkhand,Dhanbad,0.1661158189490027,-0.5558818359077865,38900.0,117535.0,6443.0,4,Critical
Jharkhand,Dumka,0.10394124459670773,-0.84617625837593,17787.0,59043.0,3112.0,1,Critical
Jharkhand,East Singhbhum,0.2199326723381309,-1.4899630350903026,16897.0,104836.0,3828.0,2,Struggling
Jharkhand,Garhwa,0.2316248842470702,-1.095852348366078,14078.0,74999.0,2811.0,2,Struggling
Jharkhand,Garhwa *,0.28220805250870007,-0.8771014492753623,478.0,4030.0,176.0,2,Struggling
Jharkhand,Giridih,0.10887492244853109,-0.6375741740119487,49388.0,83709.0,7437.0,4,Critical
Jharkhand,Godda,0.09798831902381308,-0.4702072632704294,12616.0,59994.0,2664.0,1,Critical
Jharkhand,Gumla,0.20046067543810653,-1.0390166520407889,12784.0,64297.0,4034.0,2,Struggling
Jharkhand,Hazaribag,0.04553591596160189,-0.25717083177918687,3576.0,5730.0,285.0,1,Critical
Jharkhand,Hazaribagh,0.12495587955079805,-0.5663565795747565,21985.0,56060.0,3171.0,2,Struggling
Jharkhand,Jamtara,0.07806482120243498,-0.8037356179807291,6102.0,30079.0,2279.0,1,Critical
Jharkhand,Khunti,0.22347241211722405,-1.4974274241114045,5834.0,31837.0,1624.0,2,Struggling
Jharkhand,Kodarma,0.09546588431356252,-0.10195035460992909,1143.0,3685.0,164.0,1,Critical
Jharkhand,Koderma,0.13181659719137745,-0.6852827638688885,10248.0,29617.0,1635.0,1,Critical
Jharkhand,Latehar,0.06937248870589591,-1.1307450121922047,8996.0,32799.0,1234.0,1,Critical
Jharkhand,Lohardaga,0.2384864142027658,-1.3440647494819482,7621.0,31216.0,1586.0,2,Struggling
Jharkhand,Pakaur,0.16286312536527753,0.0069512443900448745,734.0,2120.0,207.0,1,Critical
Jharkhand,Pakur,0.0770253305795381,-0.5078395252492344,13230.0,31867.0,6070.0,1,Critical
Jharkhand,Palamau,0.05427326596715716,-0.07720289855072462,485.0,1777.0,123.0,1,Critical
Jharkhand,Palamu,0.10211359506555087,-0.6094224581190139,28781.0,84174.0,3619.0,4,Critical
Jharkhand,Pashchimi Singhbhum,0.11865661575201075,-0.6245320455226115,1649.0,10979.0,285.0,1,Critical
Jharkhand,Purbi Singhbhum,0.26248341218145493,-0.4717964438994482,1089.0,16104.0,518.0,2,Struggling
Jharkhand,Ramgarh,0.14405823482615196,-0.40788510269232203,7104.0,27555.0,1458.0,1,Critical
Jharkhand,Ranchi,0.17117205630426754,-1.338200226502253,22595.0,141049.0,7859.0,4,Critical
Jharkhand,Sahebganj,0.10029977697063228,-0.46192629512304606,28714.0,48413.0,2552.0,4,Critical
Jharkhand,Sahibganj,0.0465986179263829,0.1362622826908541,584.0,1191.0,173.0,1,Critical
Jharkhand,Seraikela-Kharsawan,0.21937255724699237,-1.4627645800103108,8748.0,47552.0,1541.0,2,Struggling
Jharkhand,Seraikela-kharsawan,0.1482387206473141,-0.4534128662035639,1410.0,10634.0,363.0,1,Critical
Jharkhand,Simdega,0.15664574983076315,-2.054140923693063,7600.0,50245.0,1224.0,2,Struggling
Jharkhand,West Singhbhum,0.16128135295956036,-1.642038808099565,14341.0,102869.0,3552.0,4,Critical
Karnataka,Bagalkot,0.15483501068674882,-0.514853759997365,18819.0,55648.0,3228.0,2,Struggling
Karnataka,Bagalkot *,0.1314028314028314,0.10038610038610038,223.0,930.0,111.0,1,Critical
Karnataka,Ballari,0.28129017044038995,-0.3023738049494534,9681.0,27008.0,1333.0,2,Struggling
Karnataka,Bangalore,0.3556080154948469,-1.0291374686983585,13333.0,147013.0,3027.0,3,Thriving
Karnataka,Bangalore Rural,0.14021690398028752,-1.0399720785642452,15021.0,25966.0,1168.0,1,Critical
Karnataka,Belagavi,0.18538440077046286,-0.1370051085568327,16058.0,54421.0,3709.0,2,Struggling
Karnataka,Belgaum,0.19026566582700552,-0.4000305926968489,17540.0,78428.0,3320.0,2,Struggling
Karnataka,Bellary,0.20517675690731213,-0.71754151804768,7044.0,48232.0,2206.0,2,Struggling
Karnataka,Bengaluru,0.1699743929342956,-0.9460610867886,91084.0,216836.0,20691.0,0,Struggling
Karnataka,Bengaluru South,0.010856807511737088,0.01056338028169014,930.0,13.0,4.0,1,Critical
Karnataka,Bidar,0.24133507867431686,-1.252986255615475,13443.0,52909.0,2442.0,2,Struggling
Karnataka,Bijapur,0.2226492992538708,-0.53104215838219,9387.0,39493.0,2324.0,2,Struggling
Karnataka,Chamarajanagar,0.09917257683215129,-0.0050236406619385355,245.0,1055.0,123.0,1,Critical
Karnataka,Chamrajanagar,0.31917962626913493,-0.98062432227145,4566.0,19524.0,1008.0,2,Struggling
Karnataka,Chamrajnagar,0.12365996649916249,0.07747068676716917,498.0,1037.0,160.0,1,Critical
Karnataka,Chickmagalur,0.17390402095608687,-0.15881966351209253,2761.0,15379.0,510.0,2,Struggling
Karnataka,Chikkaballapur,0.15554637521602271,-0.6114964770563014,12121.0,29574.0,1413.0,2,Struggling
Karnataka,Chikkamagaluru,0.12429443364626765,-0.01562876052948255,4093.0,10956.0,490.0,1,Critical
Karnataka,Chikmagalur,0.11927300046232085,0.045307443365695796,164.0,793.0,64.0,1,Critical
Karnataka,Chitradurga,0.15696050907936335,-0.6035737189110455,15643.0,42768.0,1756.0,2,Struggling
Karnataka,Dakshina Kannada,0.16239656661728002,-0.2571240981240981,16924.0,55078.0,2773.0,2,Struggling
Karnataka,Davanagere,0.24967431859862138,-0.07467906153165117,774.0,3736.0,223.0,2,Struggling
Karnataka,Davangere,0.3361958801199299,-1.2134697177469624,10760.0,68011.0,2040.0,2,Struggling
Karnataka,Dharwad,0.22391404494536826,-0.7387729955339553,14848.0,65663.0,2188.0,2,Struggling
Karnataka,Gadag,0.12301290899142667,-0.18586794614198365,6722.0,29886.0,2344.0,1,Critical
Karnataka,Gadag *,0.13468992248062017,0.05436046511627908,249.0,841.0,79.0,1,Critical
Karnataka,Gulbarga,0.24708977593142611,-0.6644058910057203,7080.0,43538.0,1889.0,2,Struggling
Karnataka,Hasan,0.11235552697214038,0.051251331203407885,2173.0,5488.0,390.0,1,Critical
Karnataka,Hassan,0.1623115256158391,-0.21469076180090357,11440.0,33572.0,1040.0,2,Struggling
Karnataka,Haveri,0.209649189715323,-0.6923466979541746,19751.0,52581.0,1819.0,2,Struggling
Karnataka,Haveri *,0.21667931931269824,0.03875968992248062,319.0,801.0,44.0,2,Struggling
Karnataka,Kalaburagi,0.2540135264620065,-0.5898580717474455,15262.0,49070.0,2380.0,2,Struggling
Karnataka,Kodagu,0.11126256329004362,-0.08438607974690449,2971.0,12934.0,424.0,1,Critical
Karnataka,Kolar,0.17864158448545547,-0.7809967503820932,13945.0,45671.0,1684.0,2,Struggling
Karnataka,Koppal,0.198908786001389,-0.9971938952298187,16602.0,43590.0,2268.0,2,Struggling
Karnataka,Mandya,0.17343073623392577,-0.6062206247633822,11680.0,46237.0,1289.0,2,Struggling
Karnataka,Mysore,0.251375302568868,-0.29521824526212415,5894.0,37309.0,1243.0,2,Struggling
Karnataka,Mysuru,0.21793010775697855,-0.21526677787970191,11078.0,38865.0,2589.0,2,Struggling
Karnataka,Raichur,0.2614307541443068,-0.7000740951439539,13557.0,73697.0,4414.0,2,Struggling
Karnataka,Ramanagar,0.19638288949271196,-0.9849945504134244,11214.0,29040.0,1554.0,2,Struggling
Karnataka,Shimoga,0.17259376175492125,-0.2816422503467406,3748.0,18804.0,939.0,2,Struggling
Karnataka,Shivamogga,0.1753417811963868,-0.27309314341572405,8092.0,24303.0,969.0,2,Struggling
Karnataka,Tumakuru,0.19280106508382316,-0.194431852523421,9462.0,31191.0,1276.0,2,Struggling
Karnataka,Tumkur,0.2492747873579476,-0.5950361010830324,6651.0,44338.0,1229.0,2,Struggling
Karnataka,Udupi,0.13888532182747132,-0.00541046660815789,7505.0,23847.0,2069.0,1,Critical
Karnataka,Uttara Kannada,0.1567300672841583,-0.08606661712993852,9892.0,29703.0,1376.0,2,Struggling
Karnataka,Vijayanagara,0.11523698317693445,-0.2745090056748088,4464.0,17465.0,1041.0,1,Critical
Karnataka,Vijayapura,0.19962901044618575,-0.3251186695815448,8806.0,38131.0,3159.0,2,Struggling
Karnataka,Yadgir,0.20976965700908892,-0.5173854224797861,11219.0,43856.0,3209.0,2,Struggling
Karnataka,yadgir,0.12672614568777096,0.035155326238847685,502.0,2458.0,338.0,1,Critical
Kerala,Alappuzha,0.20100912825641104,-0.2133540640925974,8924.0,63841.0,1523.0,2,Struggling
Kerala,Ernakulam,0.17876157793397046,-0.38098098380979517,17019.0,108960.0,2948.0,4,Critical
Kerala,Idukki,0.18903460550738693,-0.33500369139904024,3748.0,34398.0,772.0,2,Struggling
Kerala,Kannur,0.2379524524116627,-0.833634713042501,14213.0,86625.0,2452.0,2,Struggling
Kerala,Kasaragod,0.21155191501869802,-0.9576735844222394,6001.0,53584.0,1399.0,2,Struggling
Kerala,Kasargod,0.15559154449369245,0.07159904534606205,410.0,757.0,136.0,1,Critical
Kerala,Kollam,0.2113030833736819,-0.5535873330034636,12433.0,94289.0,2174.0,2,Struggling
Kerala,Kottayam,0.19293391155398704,-0.14604777245226683,7374.0,56115.0,1427.0,2,Struggling
Kerala,Kozhikode,0.1812650291747653,-0.9347051425377306,22731.0,103273.0,2738.0,4,Critical
Kerala,Malappuram,0.15661769671429188,-0.9214098290564927,36033.0,160336.0,5781.0,4,Critical
Kerala,Palakkad,0.2618883301731173,-0.43623683877314473,12379.0,119556.0,2602.0,2,Struggling
Kerala,Pathanamthitta,0.20457092303869007,-0.16010069552579675,4738.0,43783.0,874.0,2,Struggling
Kerala,Thiruvananthapuram,0.21419532672081076,-0.5178134440476615,17791.0,111361.0,2909.0,4,Critical
Kerala,Thrissur,0.25070047113952637,-0.6363452133241101,15279.0,108971.0,2922.0,2,Struggling
Kerala,Wayanad,0.23147846916538464,-1.6545799211404306,4927.0,27570.0,571.0,2,Struggling
Ladakh,Kargil,0.19509110823459128,-0.23301193755739208,616.0,2162.0,207.0,2,Struggling
Ladakh,Leh,0.2190046352313433,0.042460317460317455,797.0,1997.0,51.0,2,Struggling
Lakshadweep,Lakshadweep,0.20888480392156863,-0.0849264705882353,314.0,3326.0,95.0,2,Struggling
Madhya Pradesh,Agar Malwa,0.24471513968651099,-0.6487864750751349,4067.0,12354.0,785.0,2,Struggling
Madhya Pradesh,Alirajpur,0.26090265830813125,-2.4569288184747546,8441.0,50181.0,4556.0,2,Struggling
Madhya Pradesh,Anuppur,0.286176330445888,-2.1757338017174086,10752.0,58438.0,1003.0,2,Struggling
Madhya Pradesh,Ashok Nagar,0.25359000582557,-0.7500404334115429,15453.0,62858.0,3223.0,2,Struggling
Madhya Pradesh,Balaghat,0.28536524918754813,-1.2716952166245323,26819.0,90311.0,3026.0,2,Struggling
Madhya Pradesh,Barwani,0.22471973629088937,-0.5921074550994319,27055.0,119202.0,17786.0,4,Critical
Madhya Pradesh,Betul,0.39656208226926054,-2.299313857004353,14443.0,117692.0,4123.0,3,Thriving
Madhya Pradesh,Bhind,0.17926763358889045,-0.9243155374595301,13351.0,61744.0,10134.0,2,Struggling
Madhya Pradesh,Bhopal,0.3268290913556912,-1.153240463009848,34058.0,136199.0,7052.0,3,Thriving
Madhya Pradesh,Burhanpur,0.32064453622238426,-1.2773582371047711,4788.0,57088.0,7949.0,2,Struggling
Madhya Pradesh,Chhatarpur,0.16298983796460945,-0.9196491328259842,30255.0,127195.0,10981.0,4,Critical
Madhya Pradesh,Chhindwara,0.3033507285170548,-1.2222840401518096,33851.0,102942.0,3915.0,3,Thriving
Madhya Pradesh,Damoh,0.26611485026984816,-1.5124297791015053,17674.0,112973.0,2776.0,2,Struggling
Madhya Pradesh,Datia,0.13389873706364047,-0.4906021462902072,5743.0,37369.0,3690.0,1,Critical
Madhya Pradesh,Dewas,0.32679898779700767,-1.256839544253516,12694.0,88968.0,5143.0,2,Struggling
Madhya Pradesh,Dhar,0.19783134810238195,-0.8889082579902726,34977.0,119389.0,7199.0,4,Critical
Madhya Pradesh,Dindori,0.19086714247754402,-1.350867801121608,11227.0,50067.0,1153.0,2,Struggling
Madhya Pradesh,East Nimar,0.26884234004326435,-0.5424683424551268,3115.0,30657.0,2125.0,2,Struggling
Madhya Pradesh,Guna,0.26838572302289243,-0.6241876893414321,11309.0,112367.0,6199.0,2,Struggling
Madhya Pradesh,Gwalior,0.19119448947340206,-0.7003790450026623,20790.0,97079.0,13134.0,4,Critical
Madhya Pradesh,Harda,0.4904350599877122,-1.0627869240695935,2833.0,30545.0,1053.0,3,Thriving
Madhya Pradesh,Harda *,0.6106753812636165,-1.1698310323310321,684.0,7896.0,359.0,3,Thriving
Madhya Pradesh,Hoshangabad,0.4760996323873522,-1.5865052489056721,4167.0,77699.0,3360.0,3,Thriving
Madhya Pradesh,Indore,0.25802205063836453,-1.2532145733707225,60295.0,154762.0,13609.0,4,Critical
Madhya Pradesh,Jabalpur,0.3039909113208985,-1.4804594161957276,26440.0,110294.0,5958.0,3,Thriving
Madhya Pradesh,Jhabua,0.17247150223659274,-0.5082099318945597,8932.0,71483.0,9088.0,2,Struggling
Madhya Pradesh,Katni,0.18184002816501765,-0.827092142707424,20874.0,65723.0,5625.0,2,Struggling
Madhya Pradesh,Khandwa,0.368393348852926,-0.9968870470025519,5004.0,46139.0,2776.0,2,Struggling
Madhya Pradesh,Khargone,0.43544956664444445,-1.643062998729636,15711.0,138960.0,10859.0,3,Thriving
Madhya Pradesh,Maihar,0.06663418770160344,0.1104868913857678,1151.0,698.0,176.0,1,Critical
Madhya Pradesh,Mandla,0.17423808851000339,-0.8172424162933222,23741.0,49872.0,2006.0,2,Struggling
Madhya Pradesh,Mandsaur,0.2510460555964596,-1.4358987154127054,19141.0,75224.0,2634.0,2,Struggling
Madhya Pradesh,Mauganj,0.08609250403050657,-0.023869475847893114,1381.0,478.0,220.0,1,Critical
Madhya Pradesh,Morena,0.1615929742051217,-0.6922551611858485,35214.0,117145.0,15772.0,4,Critical
Madhya Pradesh,Narmadapuram,0.13070126816158562,-0.17645124716553287,1547.0,5533.0,340.0,1,Critical
Madhya Pradesh,Narsimhapur,0.3349126996165372,-0.4028026856655889,1029.0,7235.0,589.0,2,Struggling
Madhya Pradesh,Narsinghpur,0.3081416634367548,-1.1450964270608712,7157.0,45622.0,2943.0,2,Struggling
Madhya Pradesh,Neemuch,0.21970321685506838,-0.7361698237731726,12666.0,45413.0,1996.0,2,Struggling
Madhya Pradesh,Niwari,0.1343229929436826,0.0665024630541872,468.0,1856.0,45.0,1,Critical
Madhya Pradesh,Pandhurna,0.10247270391779062,0.057803468208092484,276.0,177.0,25.0,1,Critical
Madhya Pradesh,Panna,0.20008747453499945,-0.4135566192773024,11073.0,81020.0,5533.0,2,Struggling
Madhya Pradesh,Raisen,0.34583681334638894,-1.1907736566554998,12832.0,92309.0,4063.0,3,Thriving
Madhya Pradesh,Rajgarh,0.42635705640991656,-1.4510586028584884,11551.0,136017.0,2941.0,3,Thriving
Madhya Pradesh,Ratlam,0.27211859602686306,-0.8897555932000009,24902.0,90865.0,3278.0,2,Struggling
Madhya Pradesh,Rewa,0.2286219132166598,-1.6644376660973814,21828.0,156007.0,5229.0,4,Critical
Madhya Pradesh,Sagar,0.3036622836947178,-1.3712785982872517,28667.0,153455.0,6635.0,3,Thriving
Madhya Pradesh,Satna,0.2613348208831031,-1.048972762004604,34919.0,127208.0,7335.0,4,Critical
Madhya Pradesh,Sehore,0.49025208305475004,-1.4906826880999962,8785.0,93206.0,3382.0,3,Thriving
Madhya Pradesh,Seoni,0.15509934890204208,-0.7617234585344956,22765.0,67723.0,2913.0,2,Struggling
Madhya Pradesh,Shahdol,0.258547807819104,-1.073868174683659,18434.0,72704.0,2292.0,2,Struggling
Madhya Pradesh,Shajapur,0.44159209195178273,-1.550016256437868,9864.0,104617.0,2616.0,3,Thriving
Madhya Pradesh,Sheopur,0.17291105480348729,-0.4493409599980221,13746.0,46069.0,4744.0,2,Struggling
Madhya Pradesh,Shivpuri,0.21566783751482901,-0.7101984956393943,16208.0,139328.0,8065.0,4,Critical
Madhya Pradesh,Sidhi,0.1490079995274609,-0.9867671516981099,17498.0,102565.0,3005.0,4,Critical
Madhya Pradesh,Singrauli,0.15160853625215556,-0.7104944140687294,18517.0,90906.0,3115.0,4,Critical
Madhya Pradesh,Tikamgarh,0.26122736038793115,-1.3356728995540603,14143.0,134546.0,3088.0,3,Thriving
Madhya Pradesh,Ujjain,0.29046773694399813,-1.011738057523517,23402.0,102996.0,5879.0,3,Thriving
Madhya Pradesh,Umaria,0.204931432386873,-0.48443809822519923,12786.0,28056.0,2498.0,2,Struggling
Madhya Pradesh,Vidisha,0.452215664748407,-1.405974129096894,15922.0,94593.0,6638.0,3,Thriving
Madhya Pradesh,West Nimar,0.19626590044070513,-0.303466796875,516.0,7240.0,375.0,2,Struggling
Maharashtra,Ahilyanagar,0.0,0.0,467.0,0.0,0.0,1,Critical
Maharashtra,Ahmadnagar,0.540233934752941,-4.594134529101029,56628.0,227236.0,4854.0,3,Thriving
Maharashtra,Ahmed Nagar,0.16166201117318435,-0.1403631284916201,1182.0,2647.0,121.0,1,Critical
Maharashtra,Akola,0.5553393962102535,-4.173598683331689,12889.0,123574.0,2686.0,3,Thriving
Maharashtra,Amravati,0.601021416895873,-5.633960287733383,24401.0,225906.0,4110.0,3,Thriving
Maharashtra,Aurangabad,0.5185369278342038,-2.7404611512341717,40268.0,205958.0,11578.0,3,Thriving
Maharashtra,Beed,0.5578143230891962,-5.979701337873929,42814.0,179304.0,7351.0,3,Thriving
Maharashtra,Bhandara,0.5278898325736461,-4.8996422982338474,8412.0,64553.0,833.0,3,Thriving
Maharashtra,Bid,0.24363443606411572,-0.7209677419354839,2617.0,4548.0,283.0,2,Struggling
Maharashtra,Buldana,0.4296276022772848,-1.4719693301049233,5468.0,18867.0,626.0,2,Struggling
Maharashtra,Buldhana,0.5890058270898741,-5.9508662442695535,26379.0,136636.0,4764.0,3,Thriving
Maharashtra,Chandrapur,0.4551360917317684,-3.7782518980819657,30817.0,130938.0,2656.0,3,Thriving
Maharashtra,Chatrapati Sambhaji Nagar,0.02346617338693859,-0.6232380952380953,2985.0,1737.0,94.0,1,Critical
Maharashtra,Chhatrapati Sambhajinagar,0.06978836974638143,0.1152877085461355,3644.0,3664.0,562.0,1,Critical
Maharashtra,Dharashiv,0.04536370365385909,0.09326424870466321,737.0,373.0,58.0,1,Critical
Maharashtra,Dhule,0.45665588536812934,-2.1530446048746015,16527.0,135640.0,9473.0,3,Thriving
Maharashtra,Gadchiroli,0.6670157838672869,-4.970868759618759,13872.0,76619.0,1221.0,3,Thriving
Maharashtra,Gondia,0.14567901234567898,0.05925925925925926,204.0,88.0,16.0,1,Critical
Maharashtra,Gondiya,0.33428116342386194,-3.741207348029178,13833.0,58751.0,1455.0,2,Struggling
Maharashtra,Gondiya *,0.22923108637394352,0.0021645021645021645,556.0,228.0,31.0,2,Struggling
Maharashtra,Hingoli,0.4413901206504669,-4.120250249597629,13367.0,75601.0,6625.0,3,Thriving
Maharashtra,Jalgaon,0.5640441515894977,-3.6404749473835065,38065.0,279466.0,8533.0,3,Thriving
Maharashtra,Jalna,0.5241081957113526,-3.46940289790486,20538.0,126931.0,2993.0,3,Thriving
Maharashtra,Kolhapur,0.48571813394918084,-3.7083648539877014,31794.0,189979.0,3602.0,3,Thriving
Maharashtra,Latur,0.4207680657206973,-3.428379743984954,30251.0,180155.0,4906.0,3,Thriving
Maharashtra,Mumbai,0.3363095942388339,-2.1347715327151158,33607.0,256279.0,6966.0,3,Thriving
Maharashtra,Mumbai City,0.1769869733583714,-0.6689442348435924,14209.0,29662.0,1183.0,2,Struggling
Maharashtra,Mumbai Suburban,0.19996092469006232,-1.6230813569753328,61045.0,109919.0,12142.0,4,Critical
Maharashtra,Mumbai( Sub Urban ),0.16142857142857142,0.024832214765100672,841.0,1024.0,163.0,1,Critical
Maharashtra,Nagpur,0.4140177606617228,-2.9337168915835368,41002.0,237222.0,6789.0,3,Thriving
Maharashtra,Nanded,0.5067042273954316,-4.0037458868397096,47931.0,227338.0,8333.0,3,Thriving
Maharashtra,Nandurbar,0.6803035478823015,-3.082472922026555,10390.0,140460.0,7722.0,3,Thriving
Maharashtra,Nandurbar *,0.21173469387755103,-0.26785714285714285,124.0,323.0,85.0,2,Struggling
Maharashtra,Nashik,0.5702647289505985,-4.073237880535758,65182.0,372703.0,14174.0,0,Struggling
Maharashtra,Osmanabad,0.5348250024560731,-3.3171339296760527,32580.0,111146.0,2243.0,3,Thriving
Maharashtra,Palghar,0.33589469124890836,-2.016937401838421,35711.0,102758.0,6361.0,3,Thriving
Maharashtra,Parbhani,0.4340765324346485,-4.449075393325432,29111.0,127910.0,3525.0,3,Thriving
Maharashtra,Pune,0.33224902802661416,-2.524743815248734,125903.0,402794.0,17489.0,0,Struggling
Maharashtra,Raigad,0.09511473534574788,0.0622121133435603,14412.0,9130.0,2380.0,1,Critical
Maharashtra,Raigarh,0.4120429289370616,-1.867654483909673,22393.0,100056.0,2510.0,3,Thriving
Maharashtra,Raigarh(MH),0.11363636363636363,0.13636363636363635,133.0,90.0,41.0,1,Critical
Maharashtra,Ratnagiri,0.5152164532842478,-2.0262278244631187,12530.0,82015.0,1156.0,3,Thriving
Maharashtra,Sangli,0.5421874701773576,-2.9875789953220453,21662.0,146126.0,4971.0,3,Thriving
Maharashtra,Satara,0.5891680116710705,-3.744759196664027,23775.0,142955.0,3019.0,3,Thriving
Maharashtra,Sindhudurg,0.2990491797191981,-0.7447776532137519,7465.0,27486.0,496.0,2,Struggling
Maharashtra,Solapur,0.46759158377601606,-3.666223294250257,67883.0,229816.0,6613.0,0,Struggling
Maharashtra,Thane,0.26792419414206786,-2.089605931278213,130388.0,356627.0,29616.0,0,Struggling
Maharashtra,Wardha,0.5783405211912889,-4.871986263006,6865.0,74931.0,972.0,3,Thriving
Maharashtra,Washim,0.5935653919234211,-7.218430836569728,12098.0,86158.0,1920.0,3,Thriving
Maharashtra,Washim *,0.06907894736842106,0.04276315789473684,270.0,136.0,17.0,1,Critical
Maharashtra,Yavatmal,0.40968499462731855,-5.892814091401961,49580.0,201849.0,4757.0,3,Thriving
Manipur,Bishnupur,0.1291263464188558,-5.548802954485381,12951.0,18148.0,656.0,1,Critical
Manipur,Chandel,0.10347863537776221,-0.03599679152556115,1559.0,5261.0,407.0,1,Critical
Manipur,Churachandpur,0.176276515352249,-0.17952361579871312,5495.0,11036.0,3873.0,2,Struggling
Manipur,Imphal East,0.18225438419156145,-3.061360544217687,11192.0,35587.0,499.0,2,Struggling
Manipur,Imphal West,0.21899732188487717,-2.4157444615368515,14080.0,33590.0,570.0,2,Struggling
Manipur,Jiribam,0.114368795747844,-0.3373983739837398,668.0,1605.0,71.0,1,Critical
Manipur,Kakching,0.050985918302558636,-0.5756802721088435,821.0,1479.0,55.0,1,Critical
Manipur,Pherzawl,0.0,0.13636363636363635,83.0,0.0,8.0,1,Critical
Manipur,Senapati,0.1802208136757435,-0.2541241449199524,5770.0,14215.0,848.0,2,Struggling
Manipur,Tamenglong,0.1423308657132756,-0.22074330164217804,1912.0,4566.0,462.0,1,Critical
Manipur,Thoubal,0.10011320687614181,-3.0134326339635202,14624.0,32574.0,437.0,1,Critical
Manipur,Ukhrul,0.11891119334646837,-0.3728516057585825,2229.0,8720.0,363.0,1,Critical
Meghalaya,East Garo Hills,0.06202822149052847,0.4986163409697665,1754.0,2327.0,5753.0,1,Critical
Meghalaya,East Jaintia Hills,0.04133976135737798,0.45515931701279516,1514.0,1533.0,4797.0,1,Critical
Meghalaya,East Khasi Hills,0.15476897987890442,0.133578954419371,4763.0,15249.0,25914.0,1,Critical
Meghalaya,North Garo Hills,0.032727603794340414,0.38183552861880715,730.0,876.0,2617.0,1,Critical
Meghalaya,Ri Bhoi,0.04088016988798145,0.42358507770195236,3231.0,2647.0,8343.0,1,Critical
Meghalaya,South Garo Hills,0.046620664852081876,0.5576290892464263,1411.0,922.0,4018.0,1,Critical
Meghalaya,South West Garo Hills,0.057160023949547,0.3107805422087661,2398.0,3224.0,4650.0,1,Critical
Meghalaya,South West Khasi Hills,0.06231017655823427,0.04489130161936343,1187.0,2281.0,2988.0,1,Critical
Meghalaya,West Garo Hills,0.16853790825582374,-0.38910524797252055,4662.0,29039.0,14488.0,2,Struggling
Meghalaya,West Jaintia Hills,0.04727502050477393,0.46128767948460186,2720.0,4127.0,10936.0,1,Critical
Meghalaya,West Khasi Hills,0.04249523528716179,0.44799057023714767,2976.0,4647.0,15137.0,1,Critical
Mizoram,Aizawl,0.27474654066486665,-0.9279121958061576,3288.0,31016.0,584.0,2,Struggling
Mizoram,Champhai,0.275637067100529,-0.8110133548372217,2414.0,14795.0,968.0,2,Struggling
Mizoram,Kolasib,0.1209705556082863,-0.061745942396097195,1331.0,9637.0,200.0,1,Critical
Mizoram,Lawngtlai,0.2045520133849844,-0.8739942585926873,1101.0,11130.0,1213.0,2,Struggling
Mizoram,Lunglei,0.10730004080223687,-0.19281380585020894,1255.0,14076.0,487.0,1,Critical
Mizoram,Mamit,0.32411674347158215,-0.2905773420479303,606.0,9752.0,104.0,2,Struggling
Mizoram,Mammit,0.12168141592920353,0.06489675516224189,109.0,2525.0,41.0,1,Critical
Mizoram,Saiha,0.2059211802481863,-0.33154384726676966,1057.0,5062.0,531.0,2,Struggling
Mizoram,Serchhip,0.327020823497397,-0.6804882970137208,1055.0,6978.0,69.0,2,Struggling
Nagaland,Chumukedima,0.06432748538011696,0.2877906976744186,469.0,504.0,141.0,1,Critical
Nagaland,Dimapur,0.24407135072608194,-0.8691110227979584,1278.0,16321.0,2856.0,2,Struggling
Nagaland,Kiphire,0.16763261261595325,-0.41435476769259616,1065.0,3276.0,631.0,1,Critical
Nagaland,Kohima,0.3612422052154195,-0.7718994330522325,578.0,10659.0,1438.0,2,Struggling
Nagaland,Longleng,0.08841765873015872,-0.14603732987879328,104.0,2216.0,848.0,1,Critical
Nagaland,Mokokchung,0.20474370493346966,-1.5332551707551707,986.0,6202.0,393.0,2,Struggling
Nagaland,Mon,0.15775878876570776,-0.989238841397795,1138.0,9625.0,1854.0,1,Critical
Nagaland,Niuland,0.0196078431372549,0.28104575163398693,64.0,212.0,23.0,1,Critical
Nagaland,Noklak,0.19447278911564622,-0.026646205357142856,137.0,548.0,209.0,2,Struggling
Nagaland,Peren,0.2483437159180438,-0.47525409381355493,712.0,3455.0,1400.0,2,Struggling
Nagaland,Phek,0.3665280354566069,-1.2113310047494539,361.0,7009.0,834.0,2,Struggling
Nagaland,Shamator,0.09692218350754936,0.3510162601626016,89.0,110.0,187.0,1,Critical
Nagaland,Tuensang,0.1283900395666913,-0.4299618219380719,880.0,6958.0,1359.0,1,Critical
Nagaland,Wokha,0.347662487085564,-0.5183665894938494,740.0,5480.0,496.0,2,Struggling
Nagaland,Zunheboto,0.18157411484229855,-0.6365269364387725,1038.0,6150.0,593.0,2,Struggling
Odisha,Angul,0.24164440421508693,-1.3282222679685551,9738.0,45079.0,1760.0,2,Struggling
Odisha,Anugul,0.14835010765610135,-0.11277602523659307,359.0,815.0,82.0,1,Critical
Odisha,Balangir,0.22376081674118062,-0.9413236369744534,10110.0,64226.0,3096.0,2,Struggling
Odisha,Baleshwar,0.21435422794099737,-0.1634014423076923,3370.0,13842.0,500.0,2,Struggling
Odisha,Baleswar,0.2627234100355367,-0.8392584030507575,13873.0,69146.0,3637.0,2,Struggling
Odisha,Bargarh,0.20726030014303728,-0.9736773542163066,9255.0,54612.0,2910.0,2,Struggling
Odisha,Baudh,0.2990277777777778,-0.4691666666666666,325.0,3426.0,97.0,2,Struggling
Odisha,Bhadrak,0.23415442527554117,-1.1961980637343232,13003.0,67368.0,2825.0,2,Struggling
Odisha,Boudh,0.23725521171396718,-1.0763849741844007,1906.0,16155.0,921.0,2,Struggling
Odisha,Cuttack,0.2541829640985679,-1.121763610549996,13427.0,98630.0,2832.0,2,Struggling
Odisha,Debagarh,0.16690920392511865,-1.1868661100803959,2452.0,11045.0,452.0,1,Critical
Odisha,Dhenkanal,0.2609347326361736,-1.5966835851495895,9487.0,55071.0,1656.0,2,Struggling
Odisha,Gajapati,0.28024449316151206,-1.517185050813973,4529.0,41888.0,1218.0,2,Struggling
Odisha,Ganjam,0.19558608875166614,-0.9541749121711035,27113.0,126289.0,3992.0,4,Critical
Odisha,JAJPUR,0.2625610804941995,-0.5621382038157282,7077.0,27926.0,1260.0,2,Struggling
Odisha,Jagatsinghapur,0.3109836988285642,-0.8505055182526821,5576.0,30268.0,1819.0,2,Struggling
Odisha,Jagatsinghpur,0.24593259921964603,-0.23872268907563024,1249.0,6730.0,380.0,2,Struggling
Odisha,Jajapur,0.23470439286688516,-0.7555368785656073,7340.0,42622.0,1344.0,2,Struggling
Odisha,Jajpur,0.04114285714285715,0.12,87.0,175.0,9.0,1,Critical
Odisha,Jharsuguda,0.18654383148032136,-0.8152579107065452,6321.0,16769.0,629.0,2,Struggling
Odisha,Kalahandi,0.1933625994398889,-1.4364314614393743,13859.0,70989.0,2884.0,2,Struggling
Odisha,Kandhamal,0.1939268380002671,-1.0460871711459676,8729.0,43328.0,1965.0,2,Struggling
Odisha,Kendrapara,0.23038263824831334,-0.9003472354617393,10488.0,53909.0,2103.0,2,Struggling
Odisha,Kendujhar,0.16211987033333253,-0.8977733701960353,15789.0,74271.0,2977.0,2,Struggling
Odisha,Khorda,0.24572022130365936,-0.814342512665866,9689.0,67232.0,2141.0,2,Struggling
Odisha,Khordha,0.21926746179539477,-0.05772811918063315,1234.0,4968.0,281.0,2,Struggling
Odisha,Koraput,0.24309563102424211,-1.5466221073337854,11428.0,81190.0,2939.0,2,Struggling
Odisha,Malkangiri,0.19182267772783787,-1.0757186994764005,7523.0,35776.0,1974.0,2,Struggling
Odisha,Mayurbhanj,0.18525293184407157,-0.7067063301186693,21969.0,111763.0,5152.0,4,Critical
Odisha,NUAPADA,0.13329081632653061,-0.03571428571428571,74.0,114.0,26.0,1,Critical
Odisha,Nabarangapur,0.1377371752719329,-0.7023823305611805,12501.0,71241.0,4230.0,2,Struggling
Odisha,Nayagarh,0.3075901516334509,-1.9323552301626443,7488.0,45392.0,1349.0,2,Struggling
Odisha,Nuapada,0.29958211128958484,-1.9725923498726798,4967.0,34184.0,1388.0,2,Struggling
Odisha,Puri,0.17825967615681088,-1.0920020875863268,8629.0,48145.0,1843.0,2,Struggling
Odisha,Rayagada,0.1785184801095851,-1.076084795098874,8665.0,42898.0,2077.0,2,Struggling
Odisha,Sambalpur,0.17257908301660746,-0.9990297487348304,9006.0,36060.0,1305.0,2,Struggling
Odisha,Sonapur,0.22440681916111163,-0.87503192232604,4241.0,18301.0,937.0,2,Struggling
Odisha,Subarnapur,0.17039786272676544,-0.5017628205128205,1215.0,5002.0,263.0,1,Critical
Odisha,Sundargarh,0.16530857984101455,-0.08775624824487505,1755.0,10543.0,321.0,1,Critical
Odisha,Sundergarh,0.21374911404156116,-0.7061252955766896,12031.0,70846.0,2359.0,2,Struggling
Orissa,Anugul,0.008928571428571428,0.16071428571428573,62.0,47.0,20.0,1,Critical
Orissa,Balangir,0.2041088945290626,-0.18333333333333332,1245.0,8866.0,264.0,2,Struggling
Orissa,Baleshwar,0.13258185721953838,0.10413311862587225,457.0,2105.0,228.0,1,Critical
Orissa,Bargarh,0.14401530643861932,-0.1789366053169734,171.0,617.0,64.0,1,Critical
Orissa,Bhadrak,0.146826751178287,-0.11962457337883958,606.0,3812.0,241.0,1,Critical
Orissa,Cuttack,0.23821281599059377,-0.140652557319224,456.0,4336.0,176.0,2,Struggling
Orissa,Dhenkanal,0.14955947136563877,0.01762114537444934,190.0,1039.0,67.0,1,Critical
Orissa,Ganjam,0.14358347016967707,-0.0012643678160919544,998.0,4429.0,199.0,1,Critical
Orissa,Jajapur,0.055865921787709494,0.16387337057728119,112.0,429.0,51.0,1,Critical
Orissa,Kandhamal,0.058823529411764705,0.12605042016806722,72.0,64.0,19.0,1,Critical
Orissa,Kendrapara,0.12376237623762376,0.12871287128712872,80.0,61.0,24.0,1,Critical
Orissa,Kendujhar,0.06930693069306931,0.1188118811881188,96.0,108.0,21.0,1,Critical
Orissa,Khordha,0.23120323129251702,-0.08430059523809524,1088.0,8946.0,392.0,2,Struggling
Orissa,Koraput,0.23939393939393938,-0.04084321475625823,246.0,800.0,70.0,2,Struggling
Orissa,Malkangiri,0.11153846153846154,0.07692307692307693,56.0,95.0,26.0,1,Critical
Orissa,Nayagarh,0.22095435684647302,0.04771784232365145,153.0,550.0,55.0,2,Struggling
Orissa,Puri,0.1403421974850546,0.022727272727272728,494.0,2143.0,114.0,1,Critical
Orissa,Rayagada,0.1843471208434712,-0.10462287104622871,212.0,991.0,112.0,1,Critical
Orissa,Sambalpur,0.035460992907801414,0.1276595744680851,66.0,35.0,12.0,1,Critical
Orissa,Sundargarh,0.06765389082462253,0.14111498257839722,162.0,542.0,69.0,1,Critical
Pondicherry,Karaikal,0.3954939000393546,-0.6859504132231405,253.0,999.0,87.0,2,Struggling
Pondicherry,Pondicherry,0.4381847794305707,-1.2938775216552993,1585.0,15849.0,567.0,2,Struggling
Pondicherry,Yanam,0.22916666666666666,-0.03125,66.0,53.0,12.0,2,Struggling
Puducherry,Karaikal,0.3580112972409444,-2.3749763928234184,1515.0,9312.0,218.0,2,Struggling
Puducherry,Puducherry,0.3321232746580367,-1.4683640252976191,5341.0,18693.0,595.0,2,Struggling
Punjab,Amritsar,0.22396203215820193,-1.5239118867024002,30837.0,118635.0,6871.0,4,Critical
Punjab,Barnala,0.20609567594765593,-1.6989895958383354,3419.0,24454.0,490.0,2,Struggling
Punjab,Bathinda,0.24742041147373056,-2.191868973658054,15134.0,68884.0,1413.0,2,Struggling
Punjab,Faridkot,0.22778802979409163,-1.8428005977624298,5750.0,28356.0,477.0,2,Struggling
Punjab,Fatehgarh Sahib,0.23837984884315894,-1.075133888472422,4175.0,25755.0,539.0,2,Struggling
Punjab,Fazilka,0.210112367142305,-2.011507806706797,11118.0,45777.0,1137.0,2,Struggling
Punjab,Ferozepur,0.2271750783683809,-1.9466306009193037,8348.0,41463.0,771.0,2,Struggling
Punjab,Firozpur,0.18690448468196336,-0.42792998477929983,2086.0,8098.0,257.0,2,Struggling
Punjab,Gurdaspur,0.2411499759740016,-1.907780393679914,16919.0,94013.0,3150.0,2,Struggling
Punjab,Hoshiarpur,0.2953490498146968,-0.8838158829228707,15568.0,70939.0,2626.0,2,Struggling
Punjab,Jalandhar,0.24126431310871896,-0.9683000602954643,11287.0,105263.0,2060.0,2,Struggling
Punjab,Kapurthala,0.20790410584029503,-0.9396471428948213,3985.0,40570.0,2697.0,2,Struggling
Punjab,Ludhiana,0.2051790578347752,-0.781880219522334,35094.0,143025.0,13580.0,4,Critical
Punjab,Malerkotla,0.1840866803420296,-0.6734011816429398,4572.0,10457.0,448.0,2,Struggling
Punjab,Mansa,0.28249985963954305,-3.0787012541642174,7528.0,43807.0,584.0,2,Struggling
Punjab,Moga,0.25131930633651295,-1.399536122791937,8442.0,45943.0,859.0,2,Struggling
Punjab,Muktsar,0.19893254589106715,-0.7786947141316074,791.0,6170.0,196.0,2,Struggling
Punjab,Nawanshahr,0.2658934313275149,-0.04180064308681672,824.0,1004.0,83.0,2,Struggling
Punjab,Pathankot,0.2663375359713879,-1.4411808323689512,4996.0,19144.0,486.0,2,Struggling
Punjab,Patiala,0.24324777104068784,-1.6725423008244928,27384.0,90841.0,3501.0,4,Critical
Punjab,Rupnagar,0.32138133024200993,-1.520291846616935,2651.0,34038.0,587.0,2,Struggling
Punjab,S.A.S Nagar(Mohali),0.14814976539488472,-0.011569052783803328,603.0,1444.0,150.0,1,Critical
Punjab,SAS Nagar (Mohali),0.14412903199987706,-0.8963068345243448,20579.0,44877.0,1600.0,2,Struggling
Punjab,Sangrur,0.21049203351767967,-1.7665044021534857,7446.0,58029.0,1336.0,2,Struggling
Punjab,Shaheed Bhagat Singh Nagar,0.31468227017853484,-0.5863749555318392,1202.0,21762.0,437.0,2,Struggling
Punjab,Sri Muktsar Sahib,0.20086924434407724,-1.595955015900157,8222.0,41413.0,711.0,2,Struggling
Punjab,Tarn Taran,0.22819037840161435,-1.5486767053155281,7056.0,63662.0,1734.0,2,Struggling
Rajasthan,Ajmer,0.3773807229094029,-1.9825327247909545,42612.0,99779.0,7371.0,3,Thriving
Rajasthan,Alwar,0.4033311615037203,-1.894997183358883,45197.0,161121.0,15265.0,3,Thriving
Rajasthan,Balotra,0.0,0.0,86.0,0.0,0.0,1,Critical
Rajasthan,Banswara,0.34709171449996606,-2.2515625458960846,34417.0,66260.0,3825.0,3,Thriving
Rajasthan,Baran,0.37186992265137936,-3.3449675946066644,15623.0,54031.0,3605.0,2,Struggling
Rajasthan,Barmer,0.46385191718770574,-1.8471468647474925,40174.0,141621.0,8962.0,3,Thriving
Rajasthan,Beawar,0.0,0.0,116.0,0.0,0.0,1,Critical
Rajasthan,Bharatpur,0.325580203687422,-1.1641322708237123,37000.0,102707.0,10392.0,3,Thriving
Rajasthan,Bhilwara,0.2755838752500681,-1.8169080158408348,29032.0,74232.0,6756.0,2,Struggling
Rajasthan,Bikaner,0.4161573216860711,-1.891196722844569,27780.0,92639.0,9016.0,3,Thriving
Rajasthan,Bundi,0.29671118004140573,-2.5940459686775417,14587.0,44672.0,2808.0,2,Struggling
Rajasthan,Chittaurgarh,0.15776862026862026,-0.02689037153322868,449.0,1360.0,203.0,1,Critical
Rajasthan,Chittorgarh,0.2426757164588007,-1.8541906627401257,18779.0,46359.0,4022.0,2,Struggling
Rajasthan,Churu,0.4162463482714167,-1.956341528863346,17869.0,94169.0,8033.0,3,Thriving
Rajasthan,Dausa,0.4599323661730185,-3.0459821313776287,12111.0,76328.0,3067.0,3,Thriving
Rajasthan,Deeg ,0.004424778761061947,0.017699115044247787,231.0,7.0,2.0,1,Critical
Rajasthan,Dhaulpur,0.07060630341880342,-0.03645833333333334,131.0,216.0,73.0,1,Critical
Rajasthan,Dholpur,0.3036174706800939,-1.8395590215499569,29206.0,56143.0,5601.0,2,Struggling
Rajasthan,Didwana-Kuchaman,0.0,0.0,157.0,0.0,0.0,1,Critical
Rajasthan,Dungarpur,0.2811625491217228,-2.9204389764341148,26095.0,59068.0,3531.0,2,Struggling
Rajasthan,Ganganagar,0.3918999294404959,-2.7871403192287336,24665.0,74059.0,2536.0,3,Thriving
Rajasthan,Hanumangarh,0.4282449308249037,-3.102811513654428,25973.0,69563.0,2999.0,3,Thriving
Rajasthan,Jaipur,0.3417171205747518,-2.045483561986536,97390.0,254257.0,18518.0,0,Struggling
Rajasthan,Jaisalmer,0.410859690275208,-2.1720373715543304,4469.0,32767.0,1723.0,2,Struggling
Rajasthan,Jalor,0.37311605246632207,-1.2285386124163935,19942.0,67977.0,8107.0,3,Thriving
Rajasthan,Jalore,0.0,0.008695652173913044,235.0,0.0,490.0,1,Critical
Rajasthan,Jhalawar,0.28934261595346245,-2.5283886844744714,29739.0,55321.0,3809.0,2,Struggling
Rajasthan,Jhunjhunu,0.08565021494708995,0.024826388888888887,663.0,908.0,180.0,1,Critical
Rajasthan,Jhunjhunun,0.3240376381468676,-1.7282974221428937,17527.0,79644.0,4089.0,2,Struggling
Rajasthan,Jodhpur,0.39686699638577105,-2.2571732346708493,43654.0,162062.0,14238.0,3,Thriving
Rajasthan,Karauli,0.25053933988909005,-1.4859950137965652,13310.0,57867.0,4909.0,2,Struggling
Rajasthan,Khairthal-Tijara,0.0,0.0,240.0,0.0,0.0,1,Critical
Rajasthan,Kota,0.22103264386936175,-2.010018047543474,27062.0,68270.0,3674.0,2,Struggling
Rajasthan,Kotputli-Behror,0.0,0.0,95.0,0.0,0.0,1,Critical
Rajasthan,Nagaur,0.4329154992655528,-1.8699313411823106,33323.0,146694.0,10851.0,3,Thriving
Rajasthan,Pali,0.43799837172413253,-2.108301230136173,16242.0,112167.0,4885.0,3,Thriving
Rajasthan,Phalodi,0.0,0.0,56.0,0.0,0.0,1,Critical
Rajasthan,Pratapgarh,0.2728018996822477,-2.3106061592026013,14800.0,42536.0,2109.0,2,Struggling
Rajasthan,Rajsamand,0.2696730925581782,-1.6673107655420214,16198.0,44214.0,2431.0,2,Struggling
Rajasthan,Sawai Madhopur,0.3752170874477416,-2.082082594929885,12249.0,57524.0,3881.0,2,Struggling
Rajasthan,Sikar,0.3722148358443017,-1.7714930048365989,23358.0,122158.0,6805.0,3,Thriving
Rajasthan,Sirohi,0.35134666348628896,-1.6665851093321624,12151.0,47059.0,7609.0,2,Struggling
Rajasthan,Tonk,0.31123003935095805,-2.3746486744493707,17135.0,57496.0,3641.0,2,Struggling
Rajasthan,Udaipur,0.29936691621226236,-2.2081953453304974,41565.0,127320.0,7924.0,4,Critical
Sikkim,East,0.06946701838880201,-0.28410256410256407,1740.0,4401.0,227.0,1,Critical
Sikkim,East Sikkim,0.1581873719704151,-0.06754130223517979,809.0,2985.0,208.0,1,Critical
Sikkim,Namchi,0.018518518518518517,0.25925925925925924,57.0,2.0,15.0,1,Critical
Sikkim,North,0.04386165116934348,0.10256410256410256,115.0,132.0,27.0,1,Critical
Sikkim,North Sikkim,0.08622685185185186,0.09375,119.0,492.0,29.0,1,Critical
Sikkim,South,0.05195352513691614,0.029788838612368026,535.0,2525.0,132.0,1,Critical
Sikkim,South Sikkim,0.06319284282247245,0.08511799781641051,240.0,1675.0,402.0,1,Critical
Sikkim,West,0.024765804160723996,-0.12027777777777778,581.0,3183.0,128.0,1,Critical
Sikkim,West Sikkim,0.0692473224430238,-0.040639546827901565,748.0,2911.0,422.0,1,Critical
Tamil Nadu,Ariyalur,0.1820064065251428,-1.1661557736750539,5583.0,57916.0,1028.0,2,Struggling
Tamil Nadu,Chengalpattu,0.03627842181318001,0.1679795518907213,4569.0,3020.0,700.0,1,Critical
Tamil Nadu,Chennai,0.10798617605127639,-1.1956883988078657,42183.0,149117.0,4799.0,4,Critical
Tamil Nadu,Coimbatore,0.13684031678758649,-0.9828452720924493,30522.0,160065.0,4357.0,4,Critical
Tamil Nadu,Cuddalore,0.10815182471541322,-0.7706968857114214,25728.0,103160.0,4138.0,4,Critical
Tamil Nadu,Dharmapuri,0.13441813112672324,-1.073897932313168,12235.0,63842.0,2413.0,2,Struggling
Tamil Nadu,Dindigul,0.21102981548728345,-1.5244222966562748,18126.0,133049.0,2959.0,4,Critical
Tamil Nadu,Erode,0.1523772840062237,-1.2130053178798903,19160.0,91384.0,2938.0,4,Critical
Tamil Nadu,Kallakurichi,0.048923767716098715,0.1697142857142857,3049.0,3074.0,597.0,1,Critical
Tamil Nadu,Kancheepuram,0.11528793262472029,-0.7127885653671904,41197.0,147618.0,6455.0,4,Critical
Tamil Nadu,Kanniyakumari,0.1795570338699951,-0.6719561688311688,9469.0,44864.0,1197.0,2,Struggling
Tamil Nadu,Kanyakumari,0.13756701465668664,-0.16811594202898553,6207.0,16351.0,1011.0,1,Critical
Tamil Nadu,Karur,0.16515224616556237,-0.7531959923487523,7893.0,39210.0,2007.0,2,Struggling
Tamil Nadu,Krishnagiri,0.1255374675429933,-1.0026374802090667,16826.0,72448.0,2308.0,2,Struggling
Tamil Nadu,Madurai,0.15525820082643157,-1.089448692867147,30607.0,141921.0,5279.0,4,Critical
Tamil Nadu,Mayiladuthurai,0.06843279703529624,0.16478779840848806,1022.0,1978.0,259.0,1,Critical
Tamil Nadu,Nagapattinam,0.09896072989384415,-0.2532804469856441,9475.0,50316.0,1976.0,1,Critical
Tamil Nadu,Namakkal,0.16847491298271833,-0.9166736364406808,12725.0,78343.0,2547.0,2,Struggling
Tamil Nadu,Perambalur,0.12161993609552688,-1.264515474053176,3925.0,37956.0,1060.0,1,Critical
Tamil Nadu,Pudukkottai,0.1202831448017494,-0.6834137790609359,12853.0,81807.0,3563.0,2,Struggling
Tamil Nadu,Ramanathapuram,0.15708002148080727,-0.6609236692225718,9729.0,66610.0,1886.0,2,Struggling
Tamil Nadu,Ranipet,0.03394402393109098,0.11747430249632891,405.0,198.0,49.0,1,Critical
Tamil Nadu,Salem,0.131202145325735,-1.120031418961449,27070.0,165138.0,5104.0,4,Critical
Tamil Nadu,Sivaganga,0.14834016285428708,-0.6093177763752115,8154.0,59477.0,2097.0,2,Struggling
Tamil Nadu,Tenkasi,0.0783719119966515,0.0817638888888889,3047.0,4255.0,593.0,1,Critical
Tamil Nadu,Thanjavur,0.1346093769676325,-0.5432481379309065,19295.0,111867.0,3598.0,4,Critical
Tamil Nadu,The Nilgiris,0.14234280664723428,-0.24249938633004478,3253.0,28219.0,819.0,1,Critical
Tamil Nadu,Theni,0.10926303839927969,-0.9355883741175657,11181.0,60015.0,1734.0,1,Critical
Tamil Nadu,Thiruvallur,0.06097393689986282,0.14300411522633744,410.0,1438.0,461.0,1,Critical
Tamil Nadu,Thiruvarur,0.11198655407893078,-0.24737846826662616,9739.0,41812.0,1852.0,1,Critical
Tamil Nadu,Thoothukkudi,0.14145099355958252,-0.3751042652342157,11126.0,86258.0,2418.0,2,Struggling
Tamil Nadu,Tiruchirappalli,0.16642341452237333,-0.6976461114845811,19555.0,129294.0,4991.0,4,Critical
Tamil Nadu,Tirunelveli,0.1746682417422776,-0.7866418121681537,21255.0,132609.0,4802.0,4,Critical
Tamil Nadu,Tirupattur,0.08861820459170174,0.1328942344406262,2375.0,6473.0,471.0,1,Critical
Tamil Nadu,Tiruppur,0.1327311616422833,-0.8804337026133284,25880.0,95820.0,3015.0,4,Critical
Tamil Nadu,Tiruvallur,0.1247013949036896,-1.2476865606813972,44150.0,152063.0,5248.0,4,Critical
Tamil Nadu,Tiruvannamalai,0.10677629031534808,-0.4726023599285189,17385.0,95170.0,3622.0,4,Critical
Tamil Nadu,Vellore,0.12337394669075011,-0.5666368857605165,23954.0,117069.0,4855.0,4,Critical
Tamil Nadu,Villupuram,0.13755448918475283,-0.2755160508722777,8990.0,73595.0,2861.0,2,Struggling
Tamil Nadu,Viluppuram,0.12056868742971984,-0.21519597747156097,9032.0,52254.0,2240.0,1,Critical
Tamil Nadu,Virudhunagar,0.12127733265135382,-0.5868651383579405,15201.0,71111.0,2545.0,2,Struggling
Telangana,Adilabad,0.26361662459424134,-0.8616323246546088,13162.0,46737.0,1743.0,2,Struggling
Telangana,Bhadradri Kothagudem,0.08264616965673764,-0.3447975249426681,9193.0,11575.0,2059.0,1,Critical
Telangana,Hanumakonda,0.07017563201066514,-0.1525230987917555,5303.0,6383.0,567.0,1,Critical
Telangana,Hyderabad,0.1548574619209395,-1.0885927063988818,65516.0,140382.0,17522.0,4,Critical
Telangana,Jagitial,0.04495802683590694,0.12530197444831592,3963.0,6142.0,893.0,1,Critical
Telangana,Jangaon,0.05364080364080364,0.17132867132867133,226.0,94.0,46.0,1,Critical
Telangana,Jangoan,0.05872214915986257,-0.21612914862914862,4702.0,3653.0,604.0,1,Critical
Telangana,Jayashankar Bhupalpally,0.041726260456937316,-0.0656999641962048,5556.0,2820.0,460.0,1,Critical
Telangana,Jogulamba Gadwal,0.03240529387743219,-0.02435078582619566,10050.0,7145.0,998.0,1,Critical
Telangana,K.v. Rangareddy,0.144423873341137,-1.2398341138410247,53452.0,161308.0,9299.0,4,Critical
Telangana,Kamareddy,0.10064820426099862,-0.1898893042237752,6602.0,8582.0,1081.0,1,Critical
Telangana,Karimnagar,0.1845912638322847,-0.9726370193902761,22743.0,88920.0,3330.0,4,Critical
Telangana,Khammam,0.17062520500706732,-0.6534987182747909,13848.0,36646.0,2273.0,2,Struggling
Telangana,Komaram Bheem,0.04446171624431571,-0.18648524024994612,7284.0,5645.0,690.0,1,Critical
Telangana,Mahabubabad,0.04330959610808842,-0.22740998838559814,7167.0,6017.0,831.0,1,Critical
Telangana,Mahabubnagar,0.22914876335801912,-1.3024245746800034,26780.0,129497.0,6079.0,4,Critical
Telangana,Mancherial,0.0422248618918541,-0.15098266239163993,6793.0,6568.0,606.0,1,Critical
Telangana,Medak,0.21357149003038134,-1.0452432536565266,13263.0,74567.0,4349.0,2,Struggling
Telangana,Medchal-malkajgiri,0.038227800301520405,-0.26491243470835896,24716.0,19512.0,2083.0,1,Critical
Telangana,Medchal?malkajgiri,0.23323754789272033,0.06666666666666667,164.0,853.0,1.0,2,Struggling
Telangana,Medchal−malkajgiri,0.22961549335595138,-0.2829940627650551,360.0,831.0,285.0,2,Struggling
Telangana,Mulugu,0.05321268732931664,0.011183891314895684,4539.0,3476.0,520.0,1,Critical
Telangana,Nagarkurnool,0.07101126515667008,-0.14240843229947345,5412.0,7153.0,809.0,1,Critical
Telangana,Nalgonda,0.2012389377633932,-0.9926567979868431,20122.0,88117.0,3877.0,2,Struggling
Telangana,Narayanpet,0.038862241348708575,0.04071780003514321,5119.0,4222.0,749.0,1,Critical
Telangana,Nirmal,0.057622301182534905,-0.6346616121006364,8098.0,6816.0,801.0,1,Critical
Telangana,Nizamabad,0.19608568040023225,-1.0779879683359466,18963.0,70559.0,3789.0,2,Struggling
Telangana,Peddapalli,0.10826015562545752,-0.40900984009840097,2585.0,4132.0,327.0,1,Critical
Telangana,Rajanna Sircilla,0.07021356481706303,-0.30307745504840944,2108.0,4688.0,493.0,1,Critical
Telangana,Rangareddy,0.023247401661407374,-0.06384976525821597,1624.0,2049.0,151.0,1,Critical
Telangana,Sangareddy,0.08722758112216593,-0.1202992805080972,14020.0,11928.0,1411.0,1,Critical
Telangana,Siddipet,0.06645684701928238,-0.3223739097459234,8935.0,6688.0,1038.0,1,Critical
Telangana,Suryapet,0.03194888565601192,-0.4241117589675282,9280.0,12773.0,1233.0,1,Critical
Telangana,Vikarabad,0.03325432164112164,-0.12393810117781062,16500.0,8407.0,1420.0,1,Critical
Telangana,Wanaparthy,0.044156030468073246,-0.07596484442152313,6340.0,6597.0,865.0,1,Critical
Telangana,Warangal,0.27190762684157,-0.9148908988028929,7865.0,59879.0,1718.0,2,Struggling
Telangana,Warangal Rural,0.08207285277355743,-0.17736961451247166,4911.0,4311.0,362.0,1,Critical
Telangana,Warangal Urban,0.1028286458422711,-0.12204223525467048,5475.0,5500.0,354.0,1,Critical
Telangana,Yadadri.,0.02561245000519844,-0.09857492934416012,10030.0,7334.0,901.0,1,Critical
Tripura,Dhalai,0.12607791580719838,-0.7737030981097028,4224.0,27919.0,771.0,1,Critical
Tripura,Dhalai  *,0.035606060606060606,0.054398148148148154,120.0,480.0,20.0,1,Critical
Tripura,Gomati,0.10475656322468332,-0.2203054258630447,1427.0,10083.0,365.0,1,Critical
Tripura,Khowai,0.0815762599574075,-0.23096539162112933,1296.0,6698.0,136.0,1,Critical
Tripura,North Tripura,0.2380138462745041,-0.9238824026702813,3924.0,34160.0,810.0,2,Struggling
Tripura,Sepahijala,0.07295335148342692,-0.1847102511065359,4714.0,15014.0,906.0,1,Critical
Tripura,South Tripura,0.1183340889120281,-0.8073634230937601,7900.0,41181.0,877.0,1,Critical
Tripura,Unakoti,0.21104910524367534,-0.6773538461538461,1037.0,12433.0,328.0,2,Struggling
Tripura,West Tripura,0.14082820090558743,-0.9815354480650456,13367.0,69181.0,1274.0,2,Struggling
Uttar Pradesh,Agra,0.09129725587353175,-1.701609553845197,45450.0,167434.0,21140.0,4,Critical
Uttar Pradesh,Aligarh,0.11341009393511987,-1.3692281006957088,64107.0,142553.0,20267.0,4,Critical
Uttar Pradesh,Allahabad,0.09947958624770456,-1.7794656945642298,52736.0,190607.0,7383.0,4,Critical
Uttar Pradesh,Ambedkar Nagar,0.10075970172377703,-1.0041348745586351,21844.0,58118.0,4672.0,1,Critical
Uttar Pradesh,Amethi,0.09643948385743199,-0.7782290452241579,22324.0,64548.0,4100.0,4,Critical
Uttar Pradesh,Amroha,0.08736885964878045,-1.1714971229419082,27432.0,62711.0,4369.0,4,Critical
Uttar Pradesh,Auraiya,0.08713913291846732,-1.0085747240321432,15837.0,45203.0,1911.0,1,Critical
Uttar Pradesh,Ayodhya,0.07774322224589875,0.09211579365726663,3598.0,4760.0,1245.0,1,Critical
Uttar Pradesh,Azamgarh,0.09254367317985328,-1.0997569358074926,44767.0,117041.0,13217.0,4,Critical
Uttar Pradesh,Baghpat,0.09573918717611522,-0.7943512006842578,13174.0,40484.0,4230.0,1,Critical
Uttar Pradesh,Bahraich,0.08825104296038368,-1.0370111609035895,33178.0,120814.0,32808.0,4,Critical
Uttar Pradesh,Ballia,0.10374567440495147,-1.5391692737518587,30872.0,93484.0,5078.0,4,Critical
Uttar Pradesh,Balrampur,0.07008967908908757,-1.2424404917853564,22438.0,63149.0,7938.0,4,Critical
Uttar Pradesh,Banda,0.09894778597247286,-1.320172256927557,14822.0,64755.0,7766.0,1,Critical
Uttar Pradesh,Bara Banki,0.1474727507747122,-1.825851604020957,33023.0,115322.0,5059.0,4,Critical
Uttar Pradesh,Barabanki,0.07736975543861771,0.049306149605550804,1249.0,2333.0,2120.0,1,Critical
Uttar Pradesh,Bareilly,0.08319366805304962,-1.4573675861169377,57122.0,164324.0,19259.0,4,Critical
Uttar Pradesh,Basti,0.09868185734990176,-1.0903105693081918,22005.0,74573.0,5120.0,4,Critical
Uttar Pradesh,Bhadohi,0.12532186451299662,-0.27384319384319383,4030.0,4686.0,306.0,1,Critical
Uttar Pradesh,Bijnor,0.10167187766882688,-1.264555870889668,61385.0,151505.0,8887.0,4,Critical
Uttar Pradesh,Budaun,0.07612647484734153,-0.7121231086551854,46575.0,72723.0,10692.0,4,Critical
Uttar Pradesh,Bulandshahar,0.011824864173857462,0.3724832214765101,153.0,42.0,87.0,1,Critical
Uttar Pradesh,Bulandshahr,0.08334248354216141,-0.7400054991934568,54655.0,127595.0,9840.0,4,Critical
Uttar Pradesh,Chandauli,0.06427591960595413,-1.0344093558347018,21753.0,66262.0,6540.0,4,Critical
Uttar Pradesh,Chitrakoot,0.08244567665726303,-1.1329343692632878,10789.0,42388.0,2483.0,1,Critical
Uttar Pradesh,Deoria,0.09580412251645966,-1.4963001574830936,27169.0,97534.0,6243.0,4,Critical
Uttar Pradesh,Etah,0.08333567329103136,-1.4146823785810456,15999.0,66277.0,8591.0,1,Critical
Uttar Pradesh,Etawah,0.11713859187782458,-1.4896488372021168,18942.0,56360.0,4431.0,1,Critical
Uttar Pradesh,Faizabad,0.11559034774085056,-1.2657639426712666,17280.0,65981.0,3916.0,1,Critical
Uttar Pradesh,Farrukhabad,0.07608986789201651,-1.446376992621932,17607.0,49973.0,2747.0,1,Critical
Uttar Pradesh,Fatehpur,0.06833279623586985,-1.1787544422775964,26647.0,84238.0,8345.0,4,Critical
Uttar Pradesh,Firozabad,0.06421240955559912,-0.9400403618108055,59402.0,80201.0,9000.0,4,Critical
Uttar Pradesh,Gautam Buddha Nagar,0.07591829158012463,-0.5357013377719386,53924.0,65292.0,14677.0,4,Critical
Uttar Pradesh,Ghaziabad,0.11190834571633086,-0.7394268081710033,78974.0,141289.0,15807.0,4,Critical
Uttar Pradesh,Ghazipur,0.08212805765947152,-1.0392177513687904,39419.0,104521.0,6440.0,4,Critical
Uttar Pradesh,Gonda,0.10662997089804367,-0.801987804108656,32876.0,105320.0,9949.0,4,Critical
Uttar Pradesh,Gorakhpur,0.08855083862768216,-1.045067480796293,43145.0,123287.0,13549.0,4,Critical
Uttar Pradesh,Hamirpur,0.12045913761110019,-1.6565849910958608,10740.0,38841.0,1745.0,1,Critical
Uttar Pradesh,Hapur,0.09500797941632366,-0.9338722727083075,16095.0,37215.0,5011.0,1,Critical
Uttar Pradesh,Hardoi,0.08755833625081813,-1.6338414244335828,42968.0,143475.0,18187.0,4,Critical
Uttar Pradesh,Hathras,0.08952795058056812,-1.35207763368892,15981.0,59359.0,3634.0,1,Critical
Uttar Pradesh,Jalaun,0.08789258250950067,-1.2841436827421078,14452.0,54234.0,3180.0,1,Critical
Uttar Pradesh,Jaunpur,0.10051505487465875,-1.5574672023154141,44869.0,123863.0,9954.0,4,Critical
Uttar Pradesh,Jhansi,0.15022874981379755,-1.4581850455685368,21117.0,76058.0,3482.0,4,Critical
Uttar Pradesh,Jyotiba Phule Nagar,0.027777777777777776,0.2673611111111111,138.0,35.0,41.0,1,Critical
Uttar Pradesh,Kannauj,0.08591795283605307,-1.1890656474909547,19433.0,49016.0,3972.0,1,Critical
Uttar Pradesh,Kanpur Dehat,0.06333926008607212,-1.1100812052608446,20264.0,54226.0,5535.0,1,Critical
Uttar Pradesh,Kanpur Nagar,0.12472677820696201,-0.9587788867814059,46468.0,127099.0,16977.0,4,Critical
Uttar Pradesh,Kasganj,0.0783585066749187,-1.838595754502303,13196.0,49461.0,4051.0,1,Critical
Uttar Pradesh,Kaushambi,0.10316602134166054,-1.3873728124571922,21653.0,71215.0,4390.0,4,Critical
Uttar Pradesh,Kheri,0.07831013810171761,-0.8318733229896792,49734.0,125130.0,17268.0,4,Critical
Uttar Pradesh,Kushinagar,0.06769124668785717,-0.9835609168887334,39094.0,98321.0,5723.0,4,Critical
Uttar Pradesh,Lalitpur,0.14486378540980768,-2.180499030179534,16561.0,54083.0,2357.0,2,Struggling
Uttar Pradesh,Lucknow,0.10166039738928334,-0.8670940779978196,56098.0,151953.0,16403.0,4,Critical
Uttar Pradesh,Maharajganj,0.06062195534586825,-0.7356222663821419,36171.0,66793.0,13642.0,4,Critical
Uttar Pradesh,Mahoba,0.132643681528498,-1.4800795518932772,9252.0,31854.0,1656.0,1,Critical
Uttar Pradesh,Mainpuri,0.09345933719321801,-0.8702854210894128,19807.0,50286.0,7883.0,1,Critical
Uttar Pradesh,Mathura,0.08893602588216529,-1.180465710932597,27789.0,84030.0,6549.0,4,Critical
Uttar Pradesh,Mau,0.07585184238134357,-0.9729339491648938,23925.0,58888.0,4364.0,4,Critical
Uttar Pradesh,Meerut,0.10629609652467147,-1.1152476347097016,40019.0,119283.0,16380.0,4,Critical
Uttar Pradesh,Mirzapur,0.08126795640922936,-1.2705388638206407,25948.0,75495.0,4280.0,4,Critical
Uttar Pradesh,Moradabad,0.08275232589024638,-0.7838672865376032,62782.0,104427.0,15646.0,4,Critical
Uttar Pradesh,Muzaffarnagar,0.14566918559091194,-1.622966156517594,48923.0,124501.0,7078.0,4,Critical
Uttar Pradesh,Pilibhit,0.1149172566145708,-3.21576671076106,41312.0,97393.0,10582.0,4,Critical
Uttar Pradesh,Pratapgarh,0.10002785775377719,-1.0747238994467625,31555.0,94033.0,5760.0,4,Critical
Uttar Pradesh,Prayagraj,0.09760232895426114,-0.055278737577724335,6887.0,14812.0,1966.0,1,Critical
Uttar Pradesh,Rae Bareli,0.11525329667645826,-1.2338537730176689,36906.0,89089.0,4943.0,4,Critical
Uttar Pradesh,Rampur,0.11108118104785719,-1.0382824529625025,41047.0,85438.0,15322.0,4,Critical
Uttar Pradesh,Saharanpur,0.0998092973460565,-1.7194520516376393,48613.0,127395.0,12436.0,4,Critical
Uttar Pradesh,Sambhal,0.08264440714550682,-0.9985587666590443,29738.0,68008.0,4551.0,4,Critical
Uttar Pradesh,Sant Kabir Nagar,0.10948864550130268,-1.7393257952634378,21230.0,58375.0,3012.0,1,Critical
Uttar Pradesh,Sant Ravidas Nagar,0.10573617283843548,-2.2391183933454846,13509.0,47169.0,2316.0,1,Critical
Uttar Pradesh,Sant Ravidas Nagar Bhadohi,0.08159722222222222,0.3229166666666667,70.0,38.0,52.0,1,Critical
Uttar Pradesh,Shahjahanpur,0.08527510909257985,-1.3010751194395958,36554.0,105425.0,19633.0,4,Critical
Uttar Pradesh,Shamli,0.1285993803220489,-0.9906363479054792,21436.0,66312.0,3974.0,4,Critical
Uttar Pradesh,Shrawasti,0.09157635449256013,-0.8319546560390921,19595.0,38969.0,3394.0,1,Critical
Uttar Pradesh,Siddharthnagar,0.07921332909218008,-0.8096873750787159,24182.0,68626.0,8855.0,4,Critical
Uttar Pradesh,Sitapur,0.10747618582293032,-1.7053441143369052,49765.0,195210.0,23264.0,4,Critical
Uttar Pradesh,Sonbhadra,0.12681490715111413,-1.4395049518474674,20188.0,78384.0,2897.0,4,Critical
Uttar Pradesh,Sultanpur,0.09730209879968285,-0.9020005647642684,23020.0,63448.0,7404.0,4,Critical
Uttar Pradesh,Unnao,0.11511214580306146,-1.0787689466442063,40736.0,105600.0,13238.0,4,Critical
Uttar Pradesh,Varanasi,0.08652252778673448,-1.0392747971451004,40615.0,124185.0,17372.0,4,Critical
Uttarakhand,Almora,0.14024607325108546,-0.3945589447650454,4406.0,18599.0,609.0,1,Critical
Uttarakhand,Bageshwar,0.17625124029700376,-0.783996383363472,1694.0,14158.0,357.0,2,Struggling
Uttarakhand,Chamoli,0.18690526460935902,-0.59224043715847,3040.0,17782.0,494.0,2,Struggling
Uttarakhand,Champawat,0.19786982412972037,-1.0352741894630193,3738.0,13565.0,446.0,2,Struggling
Uttarakhand,Dehradun,0.1939305014626698,-1.5234553798225763,26318.0,79053.0,6391.0,4,Critical
Uttarakhand,Garhwal,0.06295133437990581,0.08791208791208792,123.0,58.0,39.0,1,Critical
Uttarakhand,Hardwar,0.048920377867746286,0.16059379217273953,285.0,105.0,68.0,1,Critical
Uttarakhand,Haridwar,0.09251168655728281,-1.2224260959053337,25323.0,58417.0,3152.0,4,Critical
Uttarakhand,Nainital,0.18508731472950243,-0.9846158256188223,18880.0,36415.0,2317.0,2,Struggling
Uttarakhand,Pauri Garhwal,0.19224566792604625,-0.5397749187468813,5309.0,22123.0,950.0,2,Struggling
Uttarakhand,Pithoragarh,0.1757214296895894,-0.5455018413984979,3866.0,18262.0,578.0,2,Struggling
Uttarakhand,Rudraprayag,0.22692345625618307,-0.9261441873211946,1869.0,13678.0,459.0,2,Struggling
Uttarakhand,Tehri Garhwal,0.18662981834165132,-1.2833888370680846,5410.0,29956.0,1238.0,2,Struggling
Uttarakhand,Udham Singh Nagar,0.1204583964074984,-1.2422812954458786,47821.0,64770.0,3141.0,4,Critical
Uttarakhand,Uttarkashi,0.15514521836551948,-0.9045783730158731,2663.0,13796.0,401.0,1,Critical
West Bengal,Alipurduar,0.04427974080848166,0.05968471980664368,2800.0,5609.0,3119.0,1,Critical
West Bengal,Bankura,0.060521942486499655,-0.5862932290718061,37765.0,75281.0,5455.0,4,Critical
West Bengal,Barddhaman,0.07694749982391073,-0.46807522280052594,47540.0,127789.0,8695.0,4,Critical
West Bengal,Bardhaman,0.0746300777820273,0.02151086013875749,5963.0,8090.0,979.0,1,Critical
West Bengal,Birbhum,0.05503492596473202,-0.7050390415310033,46135.0,73888.0,8436.0,4,Critical
West Bengal,Cooch Behar,0.034148712233347256,-0.09120016097254006,32475.0,33503.0,7377.0,1,Critical
West Bengal,Dakshin Dinajpur,0.050580756916752255,-0.23791570737444329,24197.0,32053.0,4124.0,1,Critical
West Bengal,Darjeeling,0.06680863107820616,-0.2557967921037902,15719.0,28354.0,5394.0,1,Critical
West Bengal,Darjiling,0.03962822760223024,0.17550111925111925,1965.0,1773.0,468.0,1,Critical
West Bengal,East Midnapore,0.09167254450184704,-0.1259923349184635,6949.0,17092.0,1170.0,1,Critical
West Bengal,Haora,0.08208108909861425,-0.13053363726693554,9858.0,19886.0,1663.0,1,Critical
West Bengal,Hooghly,0.06911314529777157,-0.4497315073499947,51363.0,118602.0,8617.0,4,Critical
West Bengal,Howrah,0.09181654188314262,-0.3514614648279948,30431.0,75901.0,6570.0,4,Critical
West Bengal,Hugli,0.01806684733514002,0.21002710027100271,337.0,102.0,103.0,1,Critical
West Bengal,Jalpaiguri,0.03576299554228888,-0.34342525816640124,54454.0,58507.0,6782.0,4,Critical
West Bengal,Jhargram,0.05772321368853683,0.07025272025272025,2302.0,2888.0,530.0,1,Critical
West Bengal,Kalimpong,0.027206753015755532,0.07633239281179356,718.0,403.0,372.0,1,Critical
West Bengal,Koch Bihar,0.026009495659938302,0.15575411329249048,17052.0,8607.0,2070.0,1,Critical
West Bengal,Kolkata,0.07978760293869713,-0.3773583820740336,29857.0,64388.0,6170.0,4,Critical
West Bengal,Malda,0.044799268861427606,-0.2635065611207084,69873.0,65804.0,9281.0,4,Critical
West Bengal,Maldah,0.046015652435651436,-0.17724663982305905,6603.0,8834.0,987.0,1,Critical
West Bengal,Murshidabad,0.05973587887721883,-0.24476790161285453,114681.0,154249.0,20739.0,0,Struggling
West Bengal,Nadia,0.058854348536551894,-0.5436785786049092,54878.0,93796.0,11049.0,4,Critical
West Bengal,North 24 Parganas,0.06674729837249069,-0.4126315679097012,85434.0,162526.0,15941.0,0,Struggling
West Bengal,North Dinajpur,0.018715796848789174,0.1409502262443439,1350.0,582.0,182.0,1,Critical
West Bengal,North Twenty Four Parganas,0.06888215865887319,-0.06964403118249272,5787.0,9350.0,941.0,1,Critical
West Bengal,Paschim Bardhaman,0.07136814342677332,0.08014014546744723,5142.0,7430.0,676.0,1,Critical
West Bengal,Paschim Medinipur,0.0805547316391233,-0.6151041323568388,67045.0,101309.0,10072.0,4,Critical
West Bengal,Purba Bardhaman,0.06126536245072908,0.17876916837376922,7594.0,9491.0,1623.0,1,Critical
West Bengal,Purba Medinipur,0.12366039732759555,-0.3744420356399413,30416.0,92483.0,8102.0,4,Critical
West Bengal,Purulia,0.04339996422740502,0.02093137772150118,2081.0,2333.0,456.0,1,Critical
West Bengal,Puruliya,0.04989824212070021,-0.2747562200988057,48520.0,63307.0,7387.0,4,Critical
West Bengal,South 24 Parganas,0.05462657469412074,-0.3210461691995926,135991.0,159715.0,16556.0,0,Struggling
West Bengal,South Dinajpur,0.05090272897743903,0.04470649895178198,1806.0,1309.0,266.0,1,Critical
West Bengal,South Twenty Four Parganas,0.05643546038227991,-0.16327990414528876,12205.0,22266.0,2057.0,1,Critical
West Bengal,Uttar Dinajpur,0.03265731081395953,-0.15506377935042287,92776.0,63170.0,18284.0,4,Critical
West Bengal,West Midnapore,0.05734542943169966,-0.2757670126874279,9686.0,12020.0,1194.0,1,Critical
